#
# TABLE STRUCTURE FOR: Offer
#

INSERT INTO `Offer` (`id`, `code`, `description`, `discount`) VALUES (1, 'vel', 'Consequatur autem facere est a', '18.71');
INSERT INTO `Offer` (`id`, `code`, `description`, `discount`) VALUES (2, 'sed', 'Voluptate eius et sint beatae ', '36.52');
INSERT INTO `Offer` (`id`, `code`, `description`, `discount`) VALUES (3, 'aut', 'Odio vitae eum rem est ea. Cum', '14.68');
INSERT INTO `Offer` (`id`, `code`, `description`, `discount`) VALUES (4, 'quibusdam', 'Est alias asperiores animi dol', '31.28');
INSERT INTO `Offer` (`id`, `code`, `description`, `discount`) VALUES (5, 'odio', 'Autem sed et laboriosam dolore', '39.52');
INSERT INTO `Offer` (`id`, `code`, `description`, `discount`) VALUES (6, 'ipsam', 'Eum mollitia sunt suscipit sit', '38.8');
INSERT INTO `Offer` (`id`, `code`, `description`, `discount`) VALUES (7, 'non', 'Temporibus eum nihil harum bea', '14.36');
INSERT INTO `Offer` (`id`, `code`, `description`, `discount`) VALUES (8, 'sunt', 'Et et error occaecati expedita', '22.97');
INSERT INTO `Offer` (`id`, `code`, `description`, `discount`) VALUES (9, 'nostrum', 'Sint et in aut qui aut et. Off', '1.53');
INSERT INTO `Offer` (`id`, `code`, `description`, `discount`) VALUES (10, 'assumenda', 'Tempora labore sequi voluptas ', '1.16');
INSERT INTO `Offer` (`id`, `code`, `description`, `discount`) VALUES (11, 'voluptatem', 'Optio repellat eveniet magnam ', '35.79');
INSERT INTO `Offer` (`id`, `code`, `description`, `discount`) VALUES (12, 'similique', 'Vero non deleniti perferendis ', '28.07');
INSERT INTO `Offer` (`id`, `code`, `description`, `discount`) VALUES (13, 'maxime', 'Perferendis aut omnis quas eni', '23.28');
INSERT INTO `Offer` (`id`, `code`, `description`, `discount`) VALUES (14, 'fugit', 'Provident ut dignissimos eum d', '28.56');
INSERT INTO `Offer` (`id`, `code`, `description`, `discount`) VALUES (15, 'laborum', 'Voluptatibus dolorum quod sit ', '3.34');
INSERT INTO `Offer` (`id`, `code`, `description`, `discount`) VALUES (16, 'maiores', 'Ullam iste sed vel aliquid mag', '27.42');
INSERT INTO `Offer` (`id`, `code`, `description`, `discount`) VALUES (17, 'veritatis', 'Asperiores nam architecto in i', '22.06');
INSERT INTO `Offer` (`id`, `code`, `description`, `discount`) VALUES (18, 'blanditiis', 'Qui voluptate minus assumenda ', '40.21');
INSERT INTO `Offer` (`id`, `code`, `description`, `discount`) VALUES (19, 'consequunt', 'Eligendi modi debitis dolor na', '11.11');
INSERT INTO `Offer` (`id`, `code`, `description`, `discount`) VALUES (20, 'natus', 'Illo doloribus sint in repelle', '15.24');
INSERT INTO `Offer` (`id`, `code`, `description`, `discount`) VALUES (21, 'quisquam', 'Iste est porro maxime. Laborum', '18.57');
INSERT INTO `Offer` (`id`, `code`, `description`, `discount`) VALUES (22, 'iusto', 'Esse dicta commodi deleniti ab', '26.89');
INSERT INTO `Offer` (`id`, `code`, `description`, `discount`) VALUES (23, 'molestias', 'Tenetur qui at voluptas magnam', '3.42');
INSERT INTO `Offer` (`id`, `code`, `description`, `discount`) VALUES (24, 'sit', 'Adipisci iusto sequi itaque et', '16.15');
INSERT INTO `Offer` (`id`, `code`, `description`, `discount`) VALUES (25, 'eveniet', 'Enim incidunt earum dolorem vo', '22.85');
INSERT INTO `Offer` (`id`, `code`, `description`, `discount`) VALUES (26, 'sapiente', 'Dolores consequatur et nobis i', '35.34');
INSERT INTO `Offer` (`id`, `code`, `description`, `discount`) VALUES (27, 'excepturi', 'Qui id laudantium molestiae te', '31.79');
INSERT INTO `Offer` (`id`, `code`, `description`, `discount`) VALUES (28, 'vero', 'Id vel tempora reprehenderit. ', '27.67');
INSERT INTO `Offer` (`id`, `code`, `description`, `discount`) VALUES (29, 'ut', 'Autem ut totam aspernatur saep', '43.13');
INSERT INTO `Offer` (`id`, `code`, `description`, `discount`) VALUES (30, 'in', 'A nobis ipsam vel qui maiores ', '47.37');
INSERT INTO `Offer` (`id`, `code`, `description`, `discount`) VALUES (31, 'alias', 'Doloremque iste amet ut beatae', '29.06');
INSERT INTO `Offer` (`id`, `code`, `description`, `discount`) VALUES (32, 'officiis', 'Rem alias saepe fugit molestia', '24.42');
INSERT INTO `Offer` (`id`, `code`, `description`, `discount`) VALUES (33, 'voluptates', 'Quas eaque ea deserunt dolores', '37.85');
INSERT INTO `Offer` (`id`, `code`, `description`, `discount`) VALUES (34, 'ab', 'Commodi molestiae sit odit dig', '1.95');
INSERT INTO `Offer` (`id`, `code`, `description`, `discount`) VALUES (35, 'incidunt', 'Est non quia minus quibusdam p', '6.82');
INSERT INTO `Offer` (`id`, `code`, `description`, `discount`) VALUES (36, 'fugit', 'Officia quaerat fuga cumque ni', '15.43');
INSERT INTO `Offer` (`id`, `code`, `description`, `discount`) VALUES (37, 'aut', 'Et quia facere cupiditate perf', '33.35');
INSERT INTO `Offer` (`id`, `code`, `description`, `discount`) VALUES (38, 'distinctio', 'Magni nihil dolore impedit qui', '34.99');
INSERT INTO `Offer` (`id`, `code`, `description`, `discount`) VALUES (39, 'neque', 'Eaque saepe quas quo ex ut et ', '8.59');
INSERT INTO `Offer` (`id`, `code`, `description`, `discount`) VALUES (40, 'debitis', 'Iste praesentium consectetur n', '40.95');
INSERT INTO `Offer` (`id`, `code`, `description`, `discount`) VALUES (41, 'excepturi', 'Cum nihil maxime illo ut dolor', '27.25');
INSERT INTO `Offer` (`id`, `code`, `description`, `discount`) VALUES (42, 'nihil', 'Optio illo dolores cumque even', '39.99');
INSERT INTO `Offer` (`id`, `code`, `description`, `discount`) VALUES (43, 'quo', 'Dolores et provident quas quis', '22.02');
INSERT INTO `Offer` (`id`, `code`, `description`, `discount`) VALUES (44, 'tempora', 'Et quis deserunt fugiat evenie', '42.24');
INSERT INTO `Offer` (`id`, `code`, `description`, `discount`) VALUES (45, 'et', 'Molestias velit ducimus nihil ', '38.44');
INSERT INTO `Offer` (`id`, `code`, `description`, `discount`) VALUES (46, 'labore', 'Autem aut necessitatibus et om', '1.96');
INSERT INTO `Offer` (`id`, `code`, `description`, `discount`) VALUES (47, 'dolores', 'Et adipisci quos animi. Ipsam ', '32.33');
INSERT INTO `Offer` (`id`, `code`, `description`, `discount`) VALUES (48, 'et', 'Asperiores fugit molestiae quo', '8.58');
INSERT INTO `Offer` (`id`, `code`, `description`, `discount`) VALUES (49, 'quod', 'Blanditiis minima numquam dolo', '30.1');
INSERT INTO `Offer` (`id`, `code`, `description`, `discount`) VALUES (50, 'delectus', 'Inventore qui ullam in volupta', '23.32');
INSERT INTO `Offer` (`id`, `code`, `description`, `discount`) VALUES (51, 'et', 'Et quas beatae quis qui est pr', '24.46');
INSERT INTO `Offer` (`id`, `code`, `description`, `discount`) VALUES (52, 'sunt', 'Ipsam ut aspernatur perspiciat', '7.01');
INSERT INTO `Offer` (`id`, `code`, `description`, `discount`) VALUES (53, 'aperiam', 'Eum praesentium odit dolore qu', '2.36');
INSERT INTO `Offer` (`id`, `code`, `description`, `discount`) VALUES (54, 'quia', 'Officiis dolorem tempore minus', '12.99');
INSERT INTO `Offer` (`id`, `code`, `description`, `discount`) VALUES (55, 'fugit', 'Et ipsum ut perferendis aut. L', '32.57');
INSERT INTO `Offer` (`id`, `code`, `description`, `discount`) VALUES (56, 'ducimus', 'Asperiores sint qui quia iste.', '9.6');
INSERT INTO `Offer` (`id`, `code`, `description`, `discount`) VALUES (57, 'ipsam', 'Voluptatem ipsum tempora cumqu', '26.16');
INSERT INTO `Offer` (`id`, `code`, `description`, `discount`) VALUES (58, 'et', 'Aut nihil nulla numquam deseru', '49.45');
INSERT INTO `Offer` (`id`, `code`, `description`, `discount`) VALUES (59, 'reiciendis', 'A dolor optio praesentium. Nis', '49.36');
INSERT INTO `Offer` (`id`, `code`, `description`, `discount`) VALUES (60, 'cum', 'Inventore eum velit voluptate ', '7.52');
INSERT INTO `Offer` (`id`, `code`, `description`, `discount`) VALUES (61, 'blanditiis', 'Quas impedit sit quis exceptur', '32.22');
INSERT INTO `Offer` (`id`, `code`, `description`, `discount`) VALUES (62, 'porro', 'Molestias sapiente illum quos ', '25.23');
INSERT INTO `Offer` (`id`, `code`, `description`, `discount`) VALUES (63, 'eaque', 'Consectetur est doloribus sit ', '36.64');
INSERT INTO `Offer` (`id`, `code`, `description`, `discount`) VALUES (64, 'corporis', 'Repellat corporis blanditiis a', '41.37');
INSERT INTO `Offer` (`id`, `code`, `description`, `discount`) VALUES (65, 'molestiae', 'Sed velit et molestiae. Aliqui', '47.23');
INSERT INTO `Offer` (`id`, `code`, `description`, `discount`) VALUES (66, 'sunt', 'Qui esse ullam minima enim. Il', '29.85');
INSERT INTO `Offer` (`id`, `code`, `description`, `discount`) VALUES (67, 'ratione', 'Aut quo quos nulla aut qui vol', '19.7');
INSERT INTO `Offer` (`id`, `code`, `description`, `discount`) VALUES (68, 'fugiat', 'Quia hic voluptatibus est. Bea', '36.2');
INSERT INTO `Offer` (`id`, `code`, `description`, `discount`) VALUES (69, 'quia', 'Aut culpa rerum sapiente asper', '7.41');
INSERT INTO `Offer` (`id`, `code`, `description`, `discount`) VALUES (70, 'sunt', 'Placeat architecto quaerat quo', '18.8');
INSERT INTO `Offer` (`id`, `code`, `description`, `discount`) VALUES (71, 'sunt', 'Necessitatibus maiores omnis e', '5.89');
INSERT INTO `Offer` (`id`, `code`, `description`, `discount`) VALUES (72, 'sed', 'Aperiam voluptatem rem digniss', '39.31');
INSERT INTO `Offer` (`id`, `code`, `description`, `discount`) VALUES (73, 'ipsa', 'Commodi velit dicta quia debit', '15.67');
INSERT INTO `Offer` (`id`, `code`, `description`, `discount`) VALUES (74, 'vel', 'Eligendi illo tempore voluptat', '9.22');
INSERT INTO `Offer` (`id`, `code`, `description`, `discount`) VALUES (75, 'saepe', 'Ex harum iure sed natus volupt', '6.64');
INSERT INTO `Offer` (`id`, `code`, `description`, `discount`) VALUES (76, 'iure', 'Officia quae nesciunt pariatur', '18.31');
INSERT INTO `Offer` (`id`, `code`, `description`, `discount`) VALUES (77, 'nihil', 'Corporis itaque ducimus volupt', '7.32');
INSERT INTO `Offer` (`id`, `code`, `description`, `discount`) VALUES (78, 'animi', 'Nihil quis corrupti consectetu', '39.79');
INSERT INTO `Offer` (`id`, `code`, `description`, `discount`) VALUES (79, 'eveniet', 'Quis velit exercitationem et. ', '22.29');
INSERT INTO `Offer` (`id`, `code`, `description`, `discount`) VALUES (80, 'est', 'Repudiandae asperiores archite', '24.57');
INSERT INTO `Offer` (`id`, `code`, `description`, `discount`) VALUES (81, 'tenetur', 'Quis nulla ea porro aut. Cum c', '48.21');
INSERT INTO `Offer` (`id`, `code`, `description`, `discount`) VALUES (82, 'voluptate', 'Non aliquam nisi a dolores rei', '43.72');
INSERT INTO `Offer` (`id`, `code`, `description`, `discount`) VALUES (83, 'quo', 'Eum totam tempore dolore dolor', '5.47');
INSERT INTO `Offer` (`id`, `code`, `description`, `discount`) VALUES (84, 'sunt', 'Sapiente ut dolorum quia quia.', '11.28');
INSERT INTO `Offer` (`id`, `code`, `description`, `discount`) VALUES (85, 'magni', 'Cupiditate magni non laudantiu', '33.32');
INSERT INTO `Offer` (`id`, `code`, `description`, `discount`) VALUES (86, 'non', 'Eaque deleniti voluptate natus', '16.2');
INSERT INTO `Offer` (`id`, `code`, `description`, `discount`) VALUES (87, 'quos', 'Facere dolor dolor sit ipsum v', '2.9');
INSERT INTO `Offer` (`id`, `code`, `description`, `discount`) VALUES (88, 'et', 'Omnis facere aliquam tenetur s', '7.49');
INSERT INTO `Offer` (`id`, `code`, `description`, `discount`) VALUES (89, 'et', 'Voluptatem unde numquam sit et', '15.88');
INSERT INTO `Offer` (`id`, `code`, `description`, `discount`) VALUES (90, 'vero', 'Autem doloribus voluptatem et ', '35.55');
INSERT INTO `Offer` (`id`, `code`, `description`, `discount`) VALUES (91, 'repellat', 'Ipsa modi repudiandae a ex qui', '37.79');
INSERT INTO `Offer` (`id`, `code`, `description`, `discount`) VALUES (92, 'fugiat', 'Et soluta et ea sapiente esse ', '42.4');
INSERT INTO `Offer` (`id`, `code`, `description`, `discount`) VALUES (93, 'aut', 'Quis maxime qui pariatur fuga.', '11.81');
INSERT INTO `Offer` (`id`, `code`, `description`, `discount`) VALUES (94, 'perspiciat', 'Ut eum culpa et. Enim possimus', '10.15');
INSERT INTO `Offer` (`id`, `code`, `description`, `discount`) VALUES (95, 'doloribus', 'Qui omnis laboriosam quos sit.', '9.45');
INSERT INTO `Offer` (`id`, `code`, `description`, `discount`) VALUES (96, 'voluptatem', 'Veniam possimus sed omnis sequ', '36.66');
INSERT INTO `Offer` (`id`, `code`, `description`, `discount`) VALUES (97, 'possimus', 'Velit est molestias aliquid es', '17.89');
INSERT INTO `Offer` (`id`, `code`, `description`, `discount`) VALUES (98, 'harum', 'Aliquid aliquid et quisquam se', '45.32');
INSERT INTO `Offer` (`id`, `code`, `description`, `discount`) VALUES (99, 'enim', 'Nam autem rerum qui aut aut te', '21.13');
INSERT INTO `Offer` (`id`, `code`, `description`, `discount`) VALUES (100, 'exercitati', 'Libero explicabo minima nihil ', '30.5');

#
# TABLE STRUCTURE FOR: City
#

INSERT INTO `City` (`id`, `name`, `state`, `country`) VALUES (1, 'New Ivorys', 'RhodeIsland', 'United States');
INSERT INTO `City` (`id`, `name`, `state`, `country`) VALUES (2, 'Isobelberg', 'Georgia', 'United States');
INSERT INTO `City` (`id`, `name`, `state`, `country`) VALUES (3, 'South Gail', 'Montana', 'United States');
INSERT INTO `City` (`id`, `name`, `state`, `country`) VALUES (4, 'West Annab', 'NewYork', 'United States');
INSERT INTO `City` (`id`, `name`, `state`, `country`) VALUES (5, 'Greenfort', 'Delaware', 'United States');
INSERT INTO `City` (`id`, `name`, `state`, `country`) VALUES (6, 'Scarlettha', 'Arkansas', 'United States');
INSERT INTO `City` (`id`, `name`, `state`, `country`) VALUES (7, 'West Laila', 'Delaware', 'United States');
INSERT INTO `City` (`id`, `name`, `state`, `country`) VALUES (8, 'Turcotteha', 'Delaware', 'United States');
INSERT INTO `City` (`id`, `name`, `state`, `country`) VALUES (9, 'North Aubr', 'NewJersey', 'United States');
INSERT INTO `City` (`id`, `name`, `state`, `country`) VALUES (10, 'Grahamton', 'Hawaii', 'United States');
INSERT INTO `City` (`id`, `name`, `state`, `country`) VALUES (11, 'Runolfsdot', 'Montana', 'United States');
INSERT INTO `City` (`id`, `name`, `state`, `country`) VALUES (12, 'Krisstad', 'Hawaii', 'United States');
INSERT INTO `City` (`id`, `name`, `state`, `country`) VALUES (13, 'Francestow', 'RhodeIsland', 'United States');
INSERT INTO `City` (`id`, `name`, `state`, `country`) VALUES (14, 'Lerafort', 'Missouri', 'United States');
INSERT INTO `City` (`id`, `name`, `state`, `country`) VALUES (15, 'East Jazmy', 'Texas', 'United States');
INSERT INTO `City` (`id`, `name`, `state`, `country`) VALUES (16, 'Inestown', 'SouthCarolina', 'United States');
INSERT INTO `City` (`id`, `name`, `state`, `country`) VALUES (17, 'South Vinc', 'Ohio', 'United States');
INSERT INTO `City` (`id`, `name`, `state`, `country`) VALUES (18, 'New Giovan', 'NorthCarolina', 'United States');
INSERT INTO `City` (`id`, `name`, `state`, `country`) VALUES (19, 'Carlieview', 'Maryland', 'United States');
INSERT INTO `City` (`id`, `name`, `state`, `country`) VALUES (20, 'Theresesid', 'Nevada', 'United States');
INSERT INTO `City` (`id`, `name`, `state`, `country`) VALUES (21, 'Brownfurt', 'Utah', 'United States');
INSERT INTO `City` (`id`, `name`, `state`, `country`) VALUES (22, 'Breitenber', 'Florida', 'United States');
INSERT INTO `City` (`id`, `name`, `state`, `country`) VALUES (23, 'Lake Golde', 'Michigan', 'United States');
INSERT INTO `City` (`id`, `name`, `state`, `country`) VALUES (24, 'South Rubi', 'Iowa', 'United States');
INSERT INTO `City` (`id`, `name`, `state`, `country`) VALUES (25, 'Lake Wadeb', 'Vermont', 'United States');
INSERT INTO `City` (`id`, `name`, `state`, `country`) VALUES (26, 'East Dionl', 'Louisiana', 'United States');
INSERT INTO `City` (`id`, `name`, `state`, `country`) VALUES (27, 'North Veld', 'Alaska', 'United States');
INSERT INTO `City` (`id`, `name`, `state`, `country`) VALUES (28, 'Lawsonboro', 'Wyoming', 'United States');
INSERT INTO `City` (`id`, `name`, `state`, `country`) VALUES (29, 'New Gunnar', 'California', 'United States');
INSERT INTO `City` (`id`, `name`, `state`, `country`) VALUES (30, 'Port Nealm', 'Illinois', 'United States');
INSERT INTO `City` (`id`, `name`, `state`, `country`) VALUES (31, 'East Bryon', 'NewJersey', 'United States');
INSERT INTO `City` (`id`, `name`, `state`, `country`) VALUES (32, 'Schmidtmou', 'Massachusetts', 'United States');
INSERT INTO `City` (`id`, `name`, `state`, `country`) VALUES (33, 'Lake Filib', 'Minnesota', 'United States');
INSERT INTO `City` (`id`, `name`, `state`, `country`) VALUES (34, 'Lake Genna', 'Florida', 'United States');
INSERT INTO `City` (`id`, `name`, `state`, `country`) VALUES (35, 'Cyrilland', 'Indiana', 'United States');
INSERT INTO `City` (`id`, `name`, `state`, `country`) VALUES (36, 'New Kevonb', 'Idaho', 'United States');
INSERT INTO `City` (`id`, `name`, `state`, `country`) VALUES (37, 'Gabrielton', 'Oregon', 'United States');
INSERT INTO `City` (`id`, `name`, `state`, `country`) VALUES (38, 'West Glenn', 'Kansas', 'United States');
INSERT INTO `City` (`id`, `name`, `state`, `country`) VALUES (39, 'New Mabel', 'SouthCarolina', 'United States');
INSERT INTO `City` (`id`, `name`, `state`, `country`) VALUES (40, 'Kaylintown', 'Arizona', 'United States');
INSERT INTO `City` (`id`, `name`, `state`, `country`) VALUES (41, 'Ivahberg', 'Wyoming', 'United States');
INSERT INTO `City` (`id`, `name`, `state`, `country`) VALUES (42, 'Port Simbu', 'Delaware', 'United States');
INSERT INTO `City` (`id`, `name`, `state`, `country`) VALUES (43, 'West Wilbe', 'NewJersey', 'United States');
INSERT INTO `City` (`id`, `name`, `state`, `country`) VALUES (44, 'West Candi', 'Washington', 'United States');
INSERT INTO `City` (`id`, `name`, `state`, `country`) VALUES (45, 'Jeromeport', 'Oregon', 'United States');
INSERT INTO `City` (`id`, `name`, `state`, `country`) VALUES (46, 'Runteland', 'District of Columbia', 'United States');
INSERT INTO `City` (`id`, `name`, `state`, `country`) VALUES (47, 'South Tyre', 'Massachusetts', 'United States');
INSERT INTO `City` (`id`, `name`, `state`, `country`) VALUES (48, 'Cletashire', 'SouthCarolina', 'United States');
INSERT INTO `City` (`id`, `name`, `state`, `country`) VALUES (49, 'West Jayde', 'Georgia', 'United States');
INSERT INTO `City` (`id`, `name`, `state`, `country`) VALUES (50, 'East Davon', 'Mississippi', 'United States');
INSERT INTO `City` (`id`, `name`, `state`, `country`) VALUES (51, 'North Domi', 'NorthDakota', 'United States');
INSERT INTO `City` (`id`, `name`, `state`, `country`) VALUES (52, 'Harrisberg', 'Arkansas', 'United States');
INSERT INTO `City` (`id`, `name`, `state`, `country`) VALUES (53, 'Kadeville', 'Maryland', 'United States');
INSERT INTO `City` (`id`, `name`, `state`, `country`) VALUES (54, 'Juvenalfur', 'Minnesota', 'United States');
INSERT INTO `City` (`id`, `name`, `state`, `country`) VALUES (55, 'South Nath', 'Pennsylvania', 'United States');
INSERT INTO `City` (`id`, `name`, `state`, `country`) VALUES (56, 'Port Olesi', 'WestVirginia', 'United States');
INSERT INTO `City` (`id`, `name`, `state`, `country`) VALUES (57, 'New Raphae', 'Hawaii', 'United States');
INSERT INTO `City` (`id`, `name`, `state`, `country`) VALUES (58, 'Spinkaland', 'Alaska', 'United States');
INSERT INTO `City` (`id`, `name`, `state`, `country`) VALUES (59, 'Lake Noah', 'Michigan', 'United States');
INSERT INTO `City` (`id`, `name`, `state`, `country`) VALUES (60, 'South Marl', 'Michigan', 'United States');
INSERT INTO `City` (`id`, `name`, `state`, `country`) VALUES (61, 'Aubreeburg', 'Maryland', 'United States');
INSERT INTO `City` (`id`, `name`, `state`, `country`) VALUES (62, 'Johnsonber', 'WestVirginia', 'United States');
INSERT INTO `City` (`id`, `name`, `state`, `country`) VALUES (63, 'Jorgetown', 'Washington', 'United States');
INSERT INTO `City` (`id`, `name`, `state`, `country`) VALUES (64, 'Gislasonto', 'Oregon', 'United States');
INSERT INTO `City` (`id`, `name`, `state`, `country`) VALUES (65, 'Breitenber', 'Missouri', 'United States');
INSERT INTO `City` (`id`, `name`, `state`, `country`) VALUES (66, 'East Retha', 'Arizona', 'United States');
INSERT INTO `City` (`id`, `name`, `state`, `country`) VALUES (67, 'South Ibra', 'Idaho', 'United States');
INSERT INTO `City` (`id`, `name`, `state`, `country`) VALUES (68, 'Lake Consu', 'Wyoming', 'United States');
INSERT INTO `City` (`id`, `name`, `state`, `country`) VALUES (69, 'Buckridgeb', 'Hawaii', 'United States');
INSERT INTO `City` (`id`, `name`, `state`, `country`) VALUES (70, 'Sawayntown', 'Pennsylvania', 'United States');
INSERT INTO `City` (`id`, `name`, `state`, `country`) VALUES (71, 'Weimanntow', 'Kentucky', 'United States');
INSERT INTO `City` (`id`, `name`, `state`, `country`) VALUES (72, 'Harberfort', 'Maine', 'United States');
INSERT INTO `City` (`id`, `name`, `state`, `country`) VALUES (73, 'Princessha', 'Oregon', 'United States');
INSERT INTO `City` (`id`, `name`, `state`, `country`) VALUES (74, 'Zboncaksta', 'SouthCarolina', 'United States');
INSERT INTO `City` (`id`, `name`, `state`, `country`) VALUES (75, 'Purdystad', 'Alaska', 'United States');
INSERT INTO `City` (`id`, `name`, `state`, `country`) VALUES (76, 'Asiaview', 'NewMexico', 'United States');
INSERT INTO `City` (`id`, `name`, `state`, `country`) VALUES (77, 'South Harl', 'Tennessee', 'United States');
INSERT INTO `City` (`id`, `name`, `state`, `country`) VALUES (78, 'Port Keena', 'Colorado', 'United States');
INSERT INTO `City` (`id`, `name`, `state`, `country`) VALUES (79, 'Bellfort', 'Louisiana', 'United States');
INSERT INTO `City` (`id`, `name`, `state`, `country`) VALUES (80, 'North Patr', 'Missouri', 'United States');
INSERT INTO `City` (`id`, `name`, `state`, `country`) VALUES (81, 'Elouiseber', 'Nebraska', 'United States');
INSERT INTO `City` (`id`, `name`, `state`, `country`) VALUES (82, 'Isaacbury', 'SouthCarolina', 'United States');
INSERT INTO `City` (`id`, `name`, `state`, `country`) VALUES (83, 'Port Agust', 'Iowa', 'United States');
INSERT INTO `City` (`id`, `name`, `state`, `country`) VALUES (84, 'North Leli', 'Oregon', 'United States');
INSERT INTO `City` (`id`, `name`, `state`, `country`) VALUES (85, 'New Janess', 'Mississippi', 'United States');
INSERT INTO `City` (`id`, `name`, `state`, `country`) VALUES (86, 'Elverastad', 'Arkansas', 'United States');
INSERT INTO `City` (`id`, `name`, `state`, `country`) VALUES (87, 'New Kali', 'Utah', 'United States');
INSERT INTO `City` (`id`, `name`, `state`, `country`) VALUES (88, 'South Clem', 'Louisiana', 'United States');
INSERT INTO `City` (`id`, `name`, `state`, `country`) VALUES (89, 'Lake Eli', 'Washington', 'United States');
INSERT INTO `City` (`id`, `name`, `state`, `country`) VALUES (90, 'Demariobor', 'Georgia', 'United States');
INSERT INTO `City` (`id`, `name`, `state`, `country`) VALUES (91, 'Mayertview', 'Georgia', 'United States');
INSERT INTO `City` (`id`, `name`, `state`, `country`) VALUES (92, 'South Grac', 'Alabama', 'United States');
INSERT INTO `City` (`id`, `name`, `state`, `country`) VALUES (93, 'Lake Carro', 'Illinois', 'United States');
INSERT INTO `City` (`id`, `name`, `state`, `country`) VALUES (94, 'Velvaberg', 'Minnesota', 'United States');
INSERT INTO `City` (`id`, `name`, `state`, `country`) VALUES (95, 'Lake Danat', 'Utah', 'United States');
INSERT INTO `City` (`id`, `name`, `state`, `country`) VALUES (96, 'Kundeview', 'NewMexico', 'United States');
INSERT INTO `City` (`id`, `name`, `state`, `country`) VALUES (97, 'Cormiervil', 'Pennsylvania', 'United States');
INSERT INTO `City` (`id`, `name`, `state`, `country`) VALUES (98, 'South Urie', 'Arizona', 'United States');
INSERT INTO `City` (`id`, `name`, `state`, `country`) VALUES (99, 'Port Perry', 'Indiana', 'United States');
INSERT INTO `City` (`id`, `name`, `state`, `country`) VALUES (100, 'Port Maybe', 'Oklahoma', 'United States');

#
# TABLE STRUCTURE FOR: Customer
#

INSERT INTO `Customer` (`id`, `name`, `address`, `pin`, `mobile`, `gender`, `email`) VALUES (101, 'Scotty', '4150 Jayda Glen\nPort Dejah, AZ 87783', 617454, 962104, 'M', 'iwilderman');
INSERT INTO `Customer` (`id`, `name`, `address`, `pin`, `mobile`, `gender`, `email`) VALUES (102, 'Jett', '7079 Kenton Mountains\nAmberton, MA 00288-9303', 101391, 0, 'M', 'frederik.b');
INSERT INTO `Customer` (`id`, `name`, `address`, `pin`, `mobile`, `gender`, `email`) VALUES (105, 'Katheryn', '7956 McGlynn Well Apt. 529\nCallieport, CA 07585-6680', 539479, 474899, 'M', 'reyna.padb');
INSERT INTO `Customer` (`id`, `name`, `address`, `pin`, `mobile`, `gender`, `email`) VALUES (106, 'Kyla', '1690 Davis Skyway\nHoegerfort, VT 21362-7802', 252362, 814, 'M', 'ujacobs@ex');
INSERT INTO `Customer` (`id`, `name`, `address`, `pin`, `mobile`, `gender`, `email`) VALUES (107, 'Zaria', '3423 Danika Manors Suite 565\nNorth Herthatown, TX 45402', 878350, 515, 'F', 'fmuller@ex');
INSERT INTO `Customer` (`id`, `name`, `address`, `pin`, `mobile`, `gender`, `email`) VALUES (108, 'Clay', '9872 Sven Pines Apt. 765\nWittingstad, IN 16848-1807', 643144, 227, 'F', 'heathcote.');
INSERT INTO `Customer` (`id`, `name`, `address`, `pin`, `mobile`, `gender`, `email`) VALUES (109, 'Lauryn', '26594 Tess Vista Suite 805\nHettiechester, LA 44183', 924367, 1041354036, 'F', 'jacques.do');
INSERT INTO `Customer` (`id`, `name`, `address`, `pin`, `mobile`, `gender`, `email`) VALUES (110, 'Kamron', '150 Brady Burgs Apt. 372\nFaustofort, NJ 33239', 527919, 1, 'M', 'aileen.kem');
INSERT INTO `Customer` (`id`, `name`, `address`, `pin`, `mobile`, `gender`, `email`) VALUES (111, 'Odessa', '8924 Geraldine Path Apt. 639\nLake Germanberg, NV 62312-9783', 849297, 143333, 'F', 'habbott@ex');
INSERT INTO `Customer` (`id`, `name`, `address`, `pin`, `mobile`, `gender`, `email`) VALUES (112, 'Reynold', '92380 Kulas Flat Apt. 516\nEast Rex, TX 58598', 811170, 893029, 'F', 'tristin91@');
INSERT INTO `Customer` (`id`, `name`, `address`, `pin`, `mobile`, `gender`, `email`) VALUES (114, 'Jackson', '774 Mae Pines\nWest Iva, UT 48626-8165', 185932, 415148, 'M', 'ecremin@ex');
INSERT INTO `Customer` (`id`, `name`, `address`, `pin`, `mobile`, `gender`, `email`) VALUES (115, 'Melissa', '88831 Jacklyn Parkways Apt. 196\nSouth Tara, HI 38458-9968', 909104, 851, 'M', 'bruce54@ex');
INSERT INTO `Customer` (`id`, `name`, `address`, `pin`, `mobile`, `gender`, `email`) VALUES (116, 'Maxine', '3645 Lucie Burgs\nLake Maiyaberg, NV 08140', 992686, 881, 'M', 'stokes.col');
INSERT INTO `Customer` (`id`, `name`, `address`, `pin`, `mobile`, `gender`, `email`) VALUES (117, 'Ellsworth', '846 Dorcas Parkways\nJeramyberg, VT 39790-5258', 985783, 2147483647, 'F', 'prohaska.s');
INSERT INTO `Customer` (`id`, `name`, `address`, `pin`, `mobile`, `gender`, `email`) VALUES (120, 'Christina', '2627 Mckayla Valley\nBergstrombury, GA 52781', 941486, 96, 'F', 'tschroeder');
INSERT INTO `Customer` (`id`, `name`, `address`, `pin`, `mobile`, `gender`, `email`) VALUES (121, 'Melba', '2417 Edgar Points Apt. 188\nSouth Maryjaneside, PA 36211-0433', 803035, 1445259462, 'F', 'vella95@ex');
INSERT INTO `Customer` (`id`, `name`, `address`, `pin`, `mobile`, `gender`, `email`) VALUES (122, 'Columbus', '326 Carmella Valley\nZackbury, MT 46871-7083', 329171, 28, 'M', 'armstrong.');
INSERT INTO `Customer` (`id`, `name`, `address`, `pin`, `mobile`, `gender`, `email`) VALUES (125, 'Delia', '8543 Polly Plaza\nBrakusport, NC 61539', 607729, 196, 'F', 'haag.evie@');
INSERT INTO `Customer` (`id`, `name`, `address`, `pin`, `mobile`, `gender`, `email`) VALUES (127, 'Lue', '0187 Jesse Mall\nWest Ozella, AR 89927-2786', 496228, 940, 'F', 'kattie59@e');
INSERT INTO `Customer` (`id`, `name`, `address`, `pin`, `mobile`, `gender`, `email`) VALUES (128, 'Marilyne', '372 Jordyn Cove\nWest Codyland, IN 43019-0452', 348071, 676, 'F', 'zdenesik@e');
INSERT INTO `Customer` (`id`, `name`, `address`, `pin`, `mobile`, `gender`, `email`) VALUES (129, 'Steve', '438 Kutch Spring Apt. 154\nDorisshire, WA 69490', 786903, 840483, 'F', 'daniela.ma');
INSERT INTO `Customer` (`id`, `name`, `address`, `pin`, `mobile`, `gender`, `email`) VALUES (130, 'Cheyenne', '5714 Wyman Knolls Apt. 738\nNew Princess, MN 19740', 716450, 16, 'F', 'rjenkins@e');
INSERT INTO `Customer` (`id`, `name`, `address`, `pin`, `mobile`, `gender`, `email`) VALUES (131, 'Leonora', '86607 Alena Estates\nCasperton, MA 92342', 914558, 94, 'M', 'abernathy.');
INSERT INTO `Customer` (`id`, `name`, `address`, `pin`, `mobile`, `gender`, `email`) VALUES (132, 'Mittie', '26713 Swift Field\nHamillchester, ID 24583', 515903, 116603, 'F', 'stanford08');
INSERT INTO `Customer` (`id`, `name`, `address`, `pin`, `mobile`, `gender`, `email`) VALUES (133, 'Bernie', '187 Bertrand Forges Apt. 582\nLake Corneliusfort, WY 89888-6049', 643764, 574339, 'M', 'olson.adel');
INSERT INTO `Customer` (`id`, `name`, `address`, `pin`, `mobile`, `gender`, `email`) VALUES (134, 'Sandra', '981 Lind Glen Apt. 085\nNew Arnulfoland, HI 49431', 973787, 1909046680, 'M', 'gislason.a');
INSERT INTO `Customer` (`id`, `name`, `address`, `pin`, `mobile`, `gender`, `email`) VALUES (135, 'Olga', '56856 Roberto Dam\nPort Sophia, NC 36673', 667733, 314483, 'F', 'ybruen@exa');
INSERT INTO `Customer` (`id`, `name`, `address`, `pin`, `mobile`, `gender`, `email`) VALUES (138, 'Filomena', '029 Erling Plain\nPort Arlie, KS 44594-3189', 242956, 5, 'F', 'yschaefer@');
INSERT INTO `Customer` (`id`, `name`, `address`, `pin`, `mobile`, `gender`, `email`) VALUES (139, 'Brandi', '5994 Hilda Estate Suite 859\nNew Rahul, KS 58532', 247579, 524, 'M', 'chills@exa');
INSERT INTO `Customer` (`id`, `name`, `address`, `pin`, `mobile`, `gender`, `email`) VALUES (140, 'Gregoria', '614 Runte Divide Apt. 774\nLake Lloydfort, ID 94068-5919', 210131, 845690, 'F', 'telly.quig');
INSERT INTO `Customer` (`id`, `name`, `address`, `pin`, `mobile`, `gender`, `email`) VALUES (142, 'Rey', '191 Littel Mountain Apt. 844\nNorth Emanuelmouth, CA 20373-5598', 429388, 59632, 'F', 'zkessler@e');
INSERT INTO `Customer` (`id`, `name`, `address`, `pin`, `mobile`, `gender`, `email`) VALUES (143, 'Marcos', '0690 Breitenberg Run\nEast Armani, WY 81498-3777', 660067, 845, 'M', 'katrine.ko');
INSERT INTO `Customer` (`id`, `name`, `address`, `pin`, `mobile`, `gender`, `email`) VALUES (144, 'Donna', '703 Norberto Lake Apt. 036\nSouth Blaise, MI 39207', 178738, 304526, 'F', 'montana72@');
INSERT INTO `Customer` (`id`, `name`, `address`, `pin`, `mobile`, `gender`, `email`) VALUES (146, 'Arch', '6897 Goldner Junctions\nEast Rosettaborough, WY 52413-5669', 335371, 784828, 'M', 'kimberly47');
INSERT INTO `Customer` (`id`, `name`, `address`, `pin`, `mobile`, `gender`, `email`) VALUES (148, 'Cassandre', '672 Natalie Route\nKeeblerfurt, NE 34438-3511', 211327, 779, 'M', 'orowe@exam');
INSERT INTO `Customer` (`id`, `name`, `address`, `pin`, `mobile`, `gender`, `email`) VALUES (150, 'Stacy', '5236 Kuhic Forks Suite 990\nLake Duane, AL 86838-1058', 155188, 559, 'F', 'daphney11@');
INSERT INTO `Customer` (`id`, `name`, `address`, `pin`, `mobile`, `gender`, `email`) VALUES (156, 'Ashleigh', '1530 Torphy Plains\nWolfftown, DE 38569-3742', 352041, 302742, 'F', 'droob@exam');
INSERT INTO `Customer` (`id`, `name`, `address`, `pin`, `mobile`, `gender`, `email`) VALUES (157, 'Wilfredo', '8054 Boyle Center\nWest Damonland, NY 33821-8736', 951522, 477, 'F', 'lnienow@ex');
INSERT INTO `Customer` (`id`, `name`, `address`, `pin`, `mobile`, `gender`, `email`) VALUES (158, 'Immanuel', '023 Cruickshank Route Suite 755\nPort Ollie, MD 94998-1357', 859533, 70, 'F', 'helena49@e');
INSERT INTO `Customer` (`id`, `name`, `address`, `pin`, `mobile`, `gender`, `email`) VALUES (160, 'Zane', '5060 Zboncak Plain\nEast Rooseveltton, AL 32789-5982', 473991, 988429, 'F', 'rosalee.sw');
INSERT INTO `Customer` (`id`, `name`, `address`, `pin`, `mobile`, `gender`, `email`) VALUES (163, 'Isabella', '2180 Kenneth Locks\nNorth Dessieland, NV 20424-3379', 204648, 734, 'M', 'bechtelar.');
INSERT INTO `Customer` (`id`, `name`, `address`, `pin`, `mobile`, `gender`, `email`) VALUES (164, 'Dallas', '55111 Kuhlman Mall Apt. 071\nWest Victorhaven, IN 76444', 420526, 332, 'M', 'mmitchell@');
INSERT INTO `Customer` (`id`, `name`, `address`, `pin`, `mobile`, `gender`, `email`) VALUES (165, 'Kristy', '3140 Dana Island Suite 056\nAufderharhaven, MT 31212', 729078, 177, 'M', 'zola85@exa');
INSERT INTO `Customer` (`id`, `name`, `address`, `pin`, `mobile`, `gender`, `email`) VALUES (166, 'Margie', '693 Gusikowski Track Suite 815\nWest Wendyhaven, UT 10101-8157', 350291, 889, 'M', 'titus21@ex');
INSERT INTO `Customer` (`id`, `name`, `address`, `pin`, `mobile`, `gender`, `email`) VALUES (167, 'Michale', '057 Stacy Gateway\nOrtizview, NY 40387-2169', 180564, 189404, 'M', 'quigley.gr');
INSERT INTO `Customer` (`id`, `name`, `address`, `pin`, `mobile`, `gender`, `email`) VALUES (169, 'Reginald', '414 Bahringer Unions\nCristtown, MI 69865-4439', 343033, 752734453, 'F', 'colt79@exa');
INSERT INTO `Customer` (`id`, `name`, `address`, `pin`, `mobile`, `gender`, `email`) VALUES (170, 'Mason', '317 Schulist Junction\nEast Joshchester, MT 78386-5735', 944893, 56, 'M', 'vrobel@exa');
INSERT INTO `Customer` (`id`, `name`, `address`, `pin`, `mobile`, `gender`, `email`) VALUES (171, 'Laura', '0950 Mann Port\nZiemannhaven, CO 23704', 758085, 900, 'F', 'kristy.lar');
INSERT INTO `Customer` (`id`, `name`, `address`, `pin`, `mobile`, `gender`, `email`) VALUES (172, 'Mckenna', '200 Calista Valley\nCreminfurt, CO 41957', 477227, 776899, 'F', 'salvatore.');
INSERT INTO `Customer` (`id`, `name`, `address`, `pin`, `mobile`, `gender`, `email`) VALUES (173, 'Rolando', '944 Kemmer Ways Suite 621\nDedrickside, SC 73835', 813484, 530501, 'F', 'abigail.gr');
INSERT INTO `Customer` (`id`, `name`, `address`, `pin`, `mobile`, `gender`, `email`) VALUES (174, 'Pete', '8484 Leila Square Suite 327\nNorth Elisabethview, DE 37651', 438982, 366, 'F', 'karina.spe');
INSERT INTO `Customer` (`id`, `name`, `address`, `pin`, `mobile`, `gender`, `email`) VALUES (176, 'Sherwood', '21813 Amani Run\nPort Zoefurt, IN 32208-8297', 213930, 24, 'M', 'myrna.pari');
INSERT INTO `Customer` (`id`, `name`, `address`, `pin`, `mobile`, `gender`, `email`) VALUES (178, 'Zaria', '60623 Fahey Corners Suite 235\nRuthberg, NY 07471', 535043, 227038, 'M', 'rgorczany@');
INSERT INTO `Customer` (`id`, `name`, `address`, `pin`, `mobile`, `gender`, `email`) VALUES (180, 'Alta', '9045 Jose Mountain Apt. 324\nSusanafurt, MT 14140-8117', 736134, 625624, 'M', 'herman.mak');
INSERT INTO `Customer` (`id`, `name`, `address`, `pin`, `mobile`, `gender`, `email`) VALUES (194, 'Van', '440 Stiedemann View Apt. 122\nBlandabury, MS 40711', 258441, 444984, 'M', 'jessie33@e');
INSERT INTO `Customer` (`id`, `name`, `address`, `pin`, `mobile`, `gender`, `email`) VALUES (197, 'Miller', '76518 Maggio Harbor\nHandtown, FL 02766-7191', 544713, 677, 'F', 'alittle@ex');
INSERT INTO `Customer` (`id`, `name`, `address`, `pin`, `mobile`, `gender`, `email`) VALUES (200, 'Muhammad', '4621 Michale Forge Suite 685\nSouth Aurelie, DC 55690-0559', 825516, 83, 'M', 'finn.gibso');

#
# TABLE STRUCTURE FOR: Category
#

INSERT INTO `Category` (`id`, `title`, `description`, `city_id`) VALUES (1, 'Illo provi', 'Qui consequatur rerum in asper', 1);
INSERT INTO `Category` (`id`, `title`, `description`, `city_id`) VALUES (2, 'In est eum', 'Fugiat est cupiditate architec', 2);
INSERT INTO `Category` (`id`, `title`, `description`, `city_id`) VALUES (3, 'Cumque exp', 'Expedita deleniti eos ut incid', 3);
INSERT INTO `Category` (`id`, `title`, `description`, `city_id`) VALUES (4, 'Nobis iust', 'Sit sit praesentium sit rerum ', 4);
INSERT INTO `Category` (`id`, `title`, `description`, `city_id`) VALUES (5, 'Repudianda', 'Est omnis voluptatem alias. El', 5);
INSERT INTO `Category` (`id`, `title`, `description`, `city_id`) VALUES (6, 'Est quos d', 'Nobis sunt temporibus sit volu', 6);
INSERT INTO `Category` (`id`, `title`, `description`, `city_id`) VALUES (7, 'Illum volu', 'Ex dicta omnis harum laboriosa', 7);
INSERT INTO `Category` (`id`, `title`, `description`, `city_id`) VALUES (8, 'Veniam nis', 'Velit at numquam ea minus et q', 8);
INSERT INTO `Category` (`id`, `title`, `description`, `city_id`) VALUES (9, 'Nostrum co', 'Nulla ipsum id consequuntur de', 9);
INSERT INTO `Category` (`id`, `title`, `description`, `city_id`) VALUES (10, 'Mollitia q', 'Nobis non in ad qui pariatur. ', 10);
INSERT INTO `Category` (`id`, `title`, `description`, `city_id`) VALUES (11, 'Voluptas r', 'Soluta corrupti ab tempora est', 11);
INSERT INTO `Category` (`id`, `title`, `description`, `city_id`) VALUES (12, 'Dolores re', 'Quod exercitationem soluta vol', 12);
INSERT INTO `Category` (`id`, `title`, `description`, `city_id`) VALUES (13, 'Consequatu', 'Vel et aperiam rem non numquam', 13);
INSERT INTO `Category` (`id`, `title`, `description`, `city_id`) VALUES (14, 'Dolor est ', 'Occaecati rerum qui enim quis ', 14);
INSERT INTO `Category` (`id`, `title`, `description`, `city_id`) VALUES (15, 'Harum adip', 'Et doloribus est consequatur e', 15);
INSERT INTO `Category` (`id`, `title`, `description`, `city_id`) VALUES (16, 'Voluptatem', 'Autem ipsa veritatis facilis v', 16);
INSERT INTO `Category` (`id`, `title`, `description`, `city_id`) VALUES (17, 'In tempore', 'Aut quia magni perferendis ver', 17);
INSERT INTO `Category` (`id`, `title`, `description`, `city_id`) VALUES (18, 'Ut et ad p', 'Sunt doloribus explicabo amet ', 18);
INSERT INTO `Category` (`id`, `title`, `description`, `city_id`) VALUES (19, 'Omnis dist', 'Doloribus vel vitae quam imped', 19);
INSERT INTO `Category` (`id`, `title`, `description`, `city_id`) VALUES (20, 'Veniam vel', 'Laudantium omnis et ab molliti', 20);
INSERT INTO `Category` (`id`, `title`, `description`, `city_id`) VALUES (21, 'Quam et mi', 'Tempora alias placeat qui even', 21);
INSERT INTO `Category` (`id`, `title`, `description`, `city_id`) VALUES (22, 'Nisi tempo', 'Suscipit illum ea eius quidem.', 22);
INSERT INTO `Category` (`id`, `title`, `description`, `city_id`) VALUES (23, 'Repellendu', 'Et ea nemo quasi sunt ab unde ', 23);
INSERT INTO `Category` (`id`, `title`, `description`, `city_id`) VALUES (24, 'Officiis d', 'Laboriosam dolores dignissimos', 24);
INSERT INTO `Category` (`id`, `title`, `description`, `city_id`) VALUES (25, 'Fuga rerum', 'Unde maxime qui a. Laudantium ', 25);
INSERT INTO `Category` (`id`, `title`, `description`, `city_id`) VALUES (26, 'Enim omnis', 'Facilis error aut quas. Dicta ', 26);
INSERT INTO `Category` (`id`, `title`, `description`, `city_id`) VALUES (27, 'Quasi ut e', 'Impedit aspernatur eius dicta ', 27);
INSERT INTO `Category` (`id`, `title`, `description`, `city_id`) VALUES (28, 'Voluptatem', 'Laudantium deserunt necessitat', 28);
INSERT INTO `Category` (`id`, `title`, `description`, `city_id`) VALUES (29, 'Eius conse', 'Ut reprehenderit eum qui lauda', 29);
INSERT INTO `Category` (`id`, `title`, `description`, `city_id`) VALUES (30, 'Voluptatib', 'Est sapiente consectetur conse', 30);
INSERT INTO `Category` (`id`, `title`, `description`, `city_id`) VALUES (31, 'Consectetu', 'Perferendis eveniet totam volu', 31);
INSERT INTO `Category` (`id`, `title`, `description`, `city_id`) VALUES (32, 'Ut corpori', 'Culpa sed delectus dicta asper', 32);
INSERT INTO `Category` (`id`, `title`, `description`, `city_id`) VALUES (33, 'Ut molliti', 'Autem sint amet omnis perferen', 33);
INSERT INTO `Category` (`id`, `title`, `description`, `city_id`) VALUES (34, 'Inventore ', 'Dolor corrupti non quibusdam v', 34);
INSERT INTO `Category` (`id`, `title`, `description`, `city_id`) VALUES (35, 'Id laborio', 'Tempore corporis nobis volupta', 35);
INSERT INTO `Category` (`id`, `title`, `description`, `city_id`) VALUES (36, 'Ut et aliq', 'Tempore ipsa consequuntur sit ', 36);
INSERT INTO `Category` (`id`, `title`, `description`, `city_id`) VALUES (37, 'Maxime dol', 'Minus voluptatem fugiat vel la', 37);
INSERT INTO `Category` (`id`, `title`, `description`, `city_id`) VALUES (38, 'Quam dolor', 'Eius pariatur eius unde sit sa', 38);
INSERT INTO `Category` (`id`, `title`, `description`, `city_id`) VALUES (39, 'Aut nihil ', 'Velit sit beatae id nobis. Sin', 39);
INSERT INTO `Category` (`id`, `title`, `description`, `city_id`) VALUES (40, 'Est ration', 'Atque facilis reprehenderit id', 40);
INSERT INTO `Category` (`id`, `title`, `description`, `city_id`) VALUES (41, 'Ut corpori', 'Dolor vel cum perferendis aut.', 41);
INSERT INTO `Category` (`id`, `title`, `description`, `city_id`) VALUES (42, 'Itaque rem', 'Ut odio magni alias velit eius', 42);
INSERT INTO `Category` (`id`, `title`, `description`, `city_id`) VALUES (43, 'Accusantiu', 'Hic quidem qui sit aliquid odi', 43);
INSERT INTO `Category` (`id`, `title`, `description`, `city_id`) VALUES (44, 'Id aperiam', 'Delectus nam aut et tenetur ul', 44);
INSERT INTO `Category` (`id`, `title`, `description`, `city_id`) VALUES (45, 'Explicabo ', 'Ullam rem cumque cum iste ipsu', 45);
INSERT INTO `Category` (`id`, `title`, `description`, `city_id`) VALUES (46, 'Eum est re', 'Aut ut consequatur dignissimos', 46);
INSERT INTO `Category` (`id`, `title`, `description`, `city_id`) VALUES (47, 'Mollitia e', 'Voluptas ut aspernatur volupta', 47);
INSERT INTO `Category` (`id`, `title`, `description`, `city_id`) VALUES (48, 'Similique ', 'Repellendus ullam illo distinc', 48);
INSERT INTO `Category` (`id`, `title`, `description`, `city_id`) VALUES (49, 'Ipsam adip', 'Corporis dolorem itaque eius n', 49);
INSERT INTO `Category` (`id`, `title`, `description`, `city_id`) VALUES (50, 'Quos volup', 'Quis consequuntur aut nihil en', 50);
INSERT INTO `Category` (`id`, `title`, `description`, `city_id`) VALUES (51, 'Laboriosam', 'Rem quis in culpa. Temporibus ', 51);
INSERT INTO `Category` (`id`, `title`, `description`, `city_id`) VALUES (52, 'Iusto non ', 'Inventore accusamus quis quia ', 52);
INSERT INTO `Category` (`id`, `title`, `description`, `city_id`) VALUES (53, 'Unde fugit', 'Qui est rerum error laboriosam', 53);
INSERT INTO `Category` (`id`, `title`, `description`, `city_id`) VALUES (54, 'Dicta amet', 'Sed sit magni labore non quo i', 54);
INSERT INTO `Category` (`id`, `title`, `description`, `city_id`) VALUES (55, 'Error inve', 'Doloremque atque in necessitat', 55);
INSERT INTO `Category` (`id`, `title`, `description`, `city_id`) VALUES (56, 'Vero eaque', 'Quisquam voluptatem tenetur ad', 56);
INSERT INTO `Category` (`id`, `title`, `description`, `city_id`) VALUES (57, 'Et eum sun', 'At facilis maxime sed ipsam te', 57);
INSERT INTO `Category` (`id`, `title`, `description`, `city_id`) VALUES (58, 'Sapiente i', 'Itaque ducimus nobis ullam ut.', 58);
INSERT INTO `Category` (`id`, `title`, `description`, `city_id`) VALUES (59, 'Unde at od', 'Corrupti eveniet quis sed veni', 59);
INSERT INTO `Category` (`id`, `title`, `description`, `city_id`) VALUES (60, 'Nihil labo', 'Voluptas impedit quos magni. A', 60);
INSERT INTO `Category` (`id`, `title`, `description`, `city_id`) VALUES (61, 'Qui in aut', 'Non illo est maxime est. Volup', 61);
INSERT INTO `Category` (`id`, `title`, `description`, `city_id`) VALUES (62, 'Inventore ', 'Sint voluptatibus et ullam sed', 62);
INSERT INTO `Category` (`id`, `title`, `description`, `city_id`) VALUES (63, 'Architecto', 'Voluptate neque et numquam off', 63);
INSERT INTO `Category` (`id`, `title`, `description`, `city_id`) VALUES (64, 'Omnis eum ', 'Consequatur facere aliquid aut', 64);
INSERT INTO `Category` (`id`, `title`, `description`, `city_id`) VALUES (65, 'Illum eum ', 'Iste aliquam reprehenderit et ', 65);
INSERT INTO `Category` (`id`, `title`, `description`, `city_id`) VALUES (66, 'Dolorum au', 'Distinctio et dolor ut est. Iu', 66);
INSERT INTO `Category` (`id`, `title`, `description`, `city_id`) VALUES (67, 'Fugit aut ', 'Et id sit nihil est. Explicabo', 67);
INSERT INTO `Category` (`id`, `title`, `description`, `city_id`) VALUES (68, 'Eaque dolo', 'Cum nemo est possimus non. Ass', 68);
INSERT INTO `Category` (`id`, `title`, `description`, `city_id`) VALUES (69, 'Fugiat vol', 'Mollitia quisquam optio conseq', 69);
INSERT INTO `Category` (`id`, `title`, `description`, `city_id`) VALUES (70, 'Et sunt al', 'Velit debitis voluptas et nesc', 70);
INSERT INTO `Category` (`id`, `title`, `description`, `city_id`) VALUES (71, 'Placeat qu', 'Cupiditate dicta culpa dolorem', 71);
INSERT INTO `Category` (`id`, `title`, `description`, `city_id`) VALUES (72, 'Et nostrum', 'Commodi beatae eos sit libero.', 72);
INSERT INTO `Category` (`id`, `title`, `description`, `city_id`) VALUES (73, 'Earum moll', 'Accusamus aut eius molestiae a', 73);
INSERT INTO `Category` (`id`, `title`, `description`, `city_id`) VALUES (74, 'Occaecati ', 'Fugit enim accusantium ad ex v', 74);
INSERT INTO `Category` (`id`, `title`, `description`, `city_id`) VALUES (75, 'Consectetu', 'Quisquam reprehenderit enim ni', 75);
INSERT INTO `Category` (`id`, `title`, `description`, `city_id`) VALUES (76, 'Similique ', 'Accusantium eius quod eligendi', 76);
INSERT INTO `Category` (`id`, `title`, `description`, `city_id`) VALUES (77, 'Odio eum v', 'Est vel ratione ducimus et sun', 77);
INSERT INTO `Category` (`id`, `title`, `description`, `city_id`) VALUES (78, 'Et reicien', 'Aut pariatur sequi expedita es', 78);
INSERT INTO `Category` (`id`, `title`, `description`, `city_id`) VALUES (79, 'Omnis illo', 'Et quibusdam et quos repudiand', 79);
INSERT INTO `Category` (`id`, `title`, `description`, `city_id`) VALUES (80, 'Reprehende', 'Modi quos eaque esse facilis q', 80);
INSERT INTO `Category` (`id`, `title`, `description`, `city_id`) VALUES (81, 'Facilis pa', 'Ipsam nihil quia quidem aut as', 81);
INSERT INTO `Category` (`id`, `title`, `description`, `city_id`) VALUES (82, 'Laudantium', 'Nobis et quia libero neque dol', 82);
INSERT INTO `Category` (`id`, `title`, `description`, `city_id`) VALUES (83, 'Earum exer', 'Aliquam et est eaque ut nihil ', 83);
INSERT INTO `Category` (`id`, `title`, `description`, `city_id`) VALUES (84, 'Quasi ut c', 'Sed laborum similique nihil co', 84);
INSERT INTO `Category` (`id`, `title`, `description`, `city_id`) VALUES (85, 'Blanditiis', 'Perspiciatis ab quia et impedi', 85);
INSERT INTO `Category` (`id`, `title`, `description`, `city_id`) VALUES (86, 'Quae magna', 'Qui voluptatem qui delectus pe', 86);
INSERT INTO `Category` (`id`, `title`, `description`, `city_id`) VALUES (87, 'Voluptas m', 'Sapiente laboriosam pariatur i', 87);
INSERT INTO `Category` (`id`, `title`, `description`, `city_id`) VALUES (88, 'Ut explica', 'Dolores omnis eum ut hic. Face', 88);
INSERT INTO `Category` (`id`, `title`, `description`, `city_id`) VALUES (89, 'Hic volupt', 'Et quidem ipsam quia culpa qui', 89);
INSERT INTO `Category` (`id`, `title`, `description`, `city_id`) VALUES (90, 'Odio ad ip', 'Consectetur repellendus assume', 90);
INSERT INTO `Category` (`id`, `title`, `description`, `city_id`) VALUES (91, 'Voluptatum', 'Et dolorem officia quam quia e', 91);
INSERT INTO `Category` (`id`, `title`, `description`, `city_id`) VALUES (92, 'Molestias ', 'Eos minima vel illum delectus ', 92);
INSERT INTO `Category` (`id`, `title`, `description`, `city_id`) VALUES (93, 'Blanditiis', 'Voluptate nihil accusamus volu', 93);
INSERT INTO `Category` (`id`, `title`, `description`, `city_id`) VALUES (94, 'Consequatu', 'Architecto ea architecto volup', 94);
INSERT INTO `Category` (`id`, `title`, `description`, `city_id`) VALUES (95, 'Et tempori', 'Maxime aspernatur ipsam placea', 95);
INSERT INTO `Category` (`id`, `title`, `description`, `city_id`) VALUES (96, 'A et repre', 'Possimus repellendus repellat ', 96);
INSERT INTO `Category` (`id`, `title`, `description`, `city_id`) VALUES (97, 'Et odit ea', 'Tempore modi voluptatem veniam', 97);
INSERT INTO `Category` (`id`, `title`, `description`, `city_id`) VALUES (98, 'Debitis in', 'Nesciunt minus sit eos debitis', 98);
INSERT INTO `Category` (`id`, `title`, `description`, `city_id`) VALUES (99, 'Cumque non', 'Quo dolore dolorem nulla moles', 99);
INSERT INTO `Category` (`id`, `title`, `description`, `city_id`) VALUES (100, 'Nihil vero', 'Iure et esse et voluptas quia ', 100);


#
# TABLE STRUCTURE FOR: Partner
#

INSERT INTO `Partner` (`id`, `name`, `mobile`, `gender`, `email`, `category_id`) VALUES (101, 'Vince', 0, 'M', 'bart.bahri', 1);
INSERT INTO `Partner` (`id`, `name`, `mobile`, `gender`, `email`, `category_id`) VALUES (102, 'Noble', 716202, 'M', 'ggulgowski', 2);
INSERT INTO `Partner` (`id`, `name`, `mobile`, `gender`, `email`, `category_id`) VALUES (103, 'Freeman', 1, 'M', 'pheathcote', 3);
INSERT INTO `Partner` (`id`, `name`, `mobile`, `gender`, `email`, `category_id`) VALUES (106, 'Mose', 611, 'F', 'ianderson@', 6);
INSERT INTO `Partner` (`id`, `name`, `mobile`, `gender`, `email`, `category_id`) VALUES (107, 'Arnold', 205487, 'F', 'heath.cumm', 7);
INSERT INTO `Partner` (`id`, `name`, `mobile`, `gender`, `email`, `category_id`) VALUES (108, 'Leilani', 504, 'F', 'reyna13@ex', 8);
INSERT INTO `Partner` (`id`, `name`, `mobile`, `gender`, `email`, `category_id`) VALUES (109, 'Nedra', 636608, 'F', 'levi97@exa', 9);
INSERT INTO `Partner` (`id`, `name`, `mobile`, `gender`, `email`, `category_id`) VALUES (110, 'Ethelyn', 78, 'F', 'powlowski.', 10);
INSERT INTO `Partner` (`id`, `name`, `mobile`, `gender`, `email`, `category_id`) VALUES (111, 'Daisha', 661, 'M', 'mayra.luet', 11);
INSERT INTO `Partner` (`id`, `name`, `mobile`, `gender`, `email`, `category_id`) VALUES (112, 'Amani', 231, 'F', 'zshanahan@', 12);
INSERT INTO `Partner` (`id`, `name`, `mobile`, `gender`, `email`, `category_id`) VALUES (119, 'Benton', 907, 'M', 'noemy.flat', 19);
INSERT INTO `Partner` (`id`, `name`, `mobile`, `gender`, `email`, `category_id`) VALUES (120, 'Mayra', 99, 'M', 'hturcotte@', 20);
INSERT INTO `Partner` (`id`, `name`, `mobile`, `gender`, `email`, `category_id`) VALUES (123, 'Dean', 2147483647, 'F', 'bethel.cro', 23);
INSERT INTO `Partner` (`id`, `name`, `mobile`, `gender`, `email`, `category_id`) VALUES (124, 'Rogers', 46, 'M', 'jude.fries', 24);
INSERT INTO `Partner` (`id`, `name`, `mobile`, `gender`, `email`, `category_id`) VALUES (127, 'Felton', 643, 'F', 'ipouros@ex', 27);
INSERT INTO `Partner` (`id`, `name`, `mobile`, `gender`, `email`, `category_id`) VALUES (128, 'Major', 634528, 'F', 'sdubuque@e', 28);
INSERT INTO `Partner` (`id`, `name`, `mobile`, `gender`, `email`, `category_id`) VALUES (129, 'Emanuel', 610, 'F', 'queen05@ex', 29);
INSERT INTO `Partner` (`id`, `name`, `mobile`, `gender`, `email`, `category_id`) VALUES (133, 'Edgardo', 74, 'M', 'omacejkovi', 33);
INSERT INTO `Partner` (`id`, `name`, `mobile`, `gender`, `email`, `category_id`) VALUES (134, 'Jacey', 663916, 'M', 'hassan94@e', 34);
INSERT INTO `Partner` (`id`, `name`, `mobile`, `gender`, `email`, `category_id`) VALUES (135, 'Nicholas', 19, 'F', 'johnson.fu', 35);
INSERT INTO `Partner` (`id`, `name`, `mobile`, `gender`, `email`, `category_id`) VALUES (139, 'Titus', 903205, 'M', 'terence.ku', 39);
INSERT INTO `Partner` (`id`, `name`, `mobile`, `gender`, `email`, `category_id`) VALUES (140, 'Rigoberto', 773287, 'F', 'orville.fa', 40);
INSERT INTO `Partner` (`id`, `name`, `mobile`, `gender`, `email`, `category_id`) VALUES (141, 'Benjamin', 594598, 'F', 'skonopelsk', 41);
INSERT INTO `Partner` (`id`, `name`, `mobile`, `gender`, `email`, `category_id`) VALUES (142, 'Rosemarie', 962, 'M', 'foster.emm', 42);
INSERT INTO `Partner` (`id`, `name`, `mobile`, `gender`, `email`, `category_id`) VALUES (143, 'Kay', 221394, 'M', 'hannah95@e', 43);
INSERT INTO `Partner` (`id`, `name`, `mobile`, `gender`, `email`, `category_id`) VALUES (145, 'Bernice', 96, 'F', 'cprice@exa', 45);
INSERT INTO `Partner` (`id`, `name`, `mobile`, `gender`, `email`, `category_id`) VALUES (147, 'Jewel', 402, 'F', 'kelsie.swa', 47);
INSERT INTO `Partner` (`id`, `name`, `mobile`, `gender`, `email`, `category_id`) VALUES (149, 'Antonio', 603, 'M', 'moen.libby', 49);
INSERT INTO `Partner` (`id`, `name`, `mobile`, `gender`, `email`, `category_id`) VALUES (153, 'Adam', 222, 'M', 'eino41@exa', 53);
INSERT INTO `Partner` (`id`, `name`, `mobile`, `gender`, `email`, `category_id`) VALUES (155, 'Lesley', 182, 'F', 'tmaggio@ex', 55);
INSERT INTO `Partner` (`id`, `name`, `mobile`, `gender`, `email`, `category_id`) VALUES (157, 'Betty', 72, 'M', 'hrempel@ex', 57);
INSERT INTO `Partner` (`id`, `name`, `mobile`, `gender`, `email`, `category_id`) VALUES (159, 'Cheyanne', 71, 'M', 'ykassulke@', 59);
INSERT INTO `Partner` (`id`, `name`, `mobile`, `gender`, `email`, `category_id`) VALUES (160, 'Annabel', 857, 'F', 'itzel68@ex', 60);
INSERT INTO `Partner` (`id`, `name`, `mobile`, `gender`, `email`, `category_id`) VALUES (161, 'Barney', 528880, 'F', 'ucremin@ex', 61);
INSERT INTO `Partner` (`id`, `name`, `mobile`, `gender`, `email`, `category_id`) VALUES (163, 'Madisen', 21, 'M', 'nichole71@', 63);
INSERT INTO `Partner` (`id`, `name`, `mobile`, `gender`, `email`, `category_id`) VALUES (165, 'Claudia', 178585, 'F', 'lexus.ruth', 65);
INSERT INTO `Partner` (`id`, `name`, `mobile`, `gender`, `email`, `category_id`) VALUES (168, 'Abdul', 944208, 'F', 'conn.ricki', 68);
INSERT INTO `Partner` (`id`, `name`, `mobile`, `gender`, `email`, `category_id`) VALUES (170, 'Cornell', 797, 'M', 'kavon68@ex', 70);
INSERT INTO `Partner` (`id`, `name`, `mobile`, `gender`, `email`, `category_id`) VALUES (173, 'Mozelle', 34616, 'M', 'carter.has', 73);
INSERT INTO `Partner` (`id`, `name`, `mobile`, `gender`, `email`, `category_id`) VALUES (175, 'Bertha', 821, 'F', 'predovic.j', 75);
INSERT INTO `Partner` (`id`, `name`, `mobile`, `gender`, `email`, `category_id`) VALUES (176, 'Jordon', 974, 'M', 'boyd.frits', 76);
INSERT INTO `Partner` (`id`, `name`, `mobile`, `gender`, `email`, `category_id`) VALUES (177, 'Annetta', 55, 'F', 'shanahan.l', 77);
INSERT INTO `Partner` (`id`, `name`, `mobile`, `gender`, `email`, `category_id`) VALUES (178, 'Ruth', 934, 'M', 'lesly78@ex', 78);
INSERT INTO `Partner` (`id`, `name`, `mobile`, `gender`, `email`, `category_id`) VALUES (179, 'Karina', 580957, 'M', 'hauck.shya', 79);
INSERT INTO `Partner` (`id`, `name`, `mobile`, `gender`, `email`, `category_id`) VALUES (180, 'Montana', 636, 'M', 'pwhite@exa', 80);
INSERT INTO `Partner` (`id`, `name`, `mobile`, `gender`, `email`, `category_id`) VALUES (181, 'Orlo', 805, 'F', 'arodriguez', 81);
INSERT INTO `Partner` (`id`, `name`, `mobile`, `gender`, `email`, `category_id`) VALUES (182, 'Josh', 605815, 'M', 'caesar17@e', 82);
INSERT INTO `Partner` (`id`, `name`, `mobile`, `gender`, `email`, `category_id`) VALUES (183, 'Darron', 80, 'M', 'damien67@e', 83);
INSERT INTO `Partner` (`id`, `name`, `mobile`, `gender`, `email`, `category_id`) VALUES (184, 'Melba', 984969, 'M', 'yost.berni', 84);
INSERT INTO `Partner` (`id`, `name`, `mobile`, `gender`, `email`, `category_id`) VALUES (185, 'Jamison', 127196, 'M', 'ernser.van', 85);
INSERT INTO `Partner` (`id`, `name`, `mobile`, `gender`, `email`, `category_id`) VALUES (186, 'Alexandrea', 315, 'M', 'vmurphy@ex', 86);
INSERT INTO `Partner` (`id`, `name`, `mobile`, `gender`, `email`, `category_id`) VALUES (190, 'Chadd', 189, 'M', 'joel71@exa', 90);
INSERT INTO `Partner` (`id`, `name`, `mobile`, `gender`, `email`, `category_id`) VALUES (192, 'Chelsea', 276908, 'F', 'glynch@exa', 92);
INSERT INTO `Partner` (`id`, `name`, `mobile`, `gender`, `email`, `category_id`) VALUES (195, 'Johnathan', 973, 'F', 'pjenkins@e', 95);
INSERT INTO `Partner` (`id`, `name`, `mobile`, `gender`, `email`, `category_id`) VALUES (197, 'Elmore', 140, 'F', 'jaime21@ex', 97);
INSERT INTO `Partner` (`id`, `name`, `mobile`, `gender`, `email`, `category_id`) VALUES (199, 'Sarina', 481259152, 'F', 'dangelo.ka', 99);
INSERT INTO `Partner` (`id`, `name`, `mobile`, `gender`, `email`, `category_id`) VALUES (200, 'Keegan', 212467, 'M', 'keebler.ch', 100);


#
# TABLE STRUCTURE FOR: Service
#

INSERT INTO `Service` (`id`, `title`, `description`, `price`, `status`, `category_id`) VALUES (1, 'Et optio m', 'Itaque officiis rerum consecte', '4297.9', 'omnis', 1);
INSERT INTO `Service` (`id`, `title`, `description`, `price`, `status`, `category_id`) VALUES (2, 'Quaerat of', 'Necessitatibus qui eius placea', '2735.28', 'minus', 2);
INSERT INTO `Service` (`id`, `title`, `description`, `price`, `status`, `category_id`) VALUES (3, 'Ut reicien', 'Sequi qui voluptas velit quia ', '2310.88', 'perferendi', 3);
INSERT INTO `Service` (`id`, `title`, `description`, `price`, `status`, `category_id`) VALUES (4, 'Vitae erro', 'Et totam quo illum omnis quibu', '4294.29', 'corporis', 4);
INSERT INTO `Service` (`id`, `title`, `description`, `price`, `status`, `category_id`) VALUES (5, 'Numquam de', 'Aut repellendus labore amet of', '887.96', 'omnis', 5);
INSERT INTO `Service` (`id`, `title`, `description`, `price`, `status`, `category_id`) VALUES (6, 'Magni maio', 'Aut hic blanditiis explicabo l', '3022.32', 'tenetur', 6);
INSERT INTO `Service` (`id`, `title`, `description`, `price`, `status`, `category_id`) VALUES (7, 'Amet dolor', 'Repellendus quasi sit libero m', '4950.65', 'architecto', 7);
INSERT INTO `Service` (`id`, `title`, `description`, `price`, `status`, `category_id`) VALUES (8, 'Molestiae ', 'Voluptas quas aut doloribus. M', '3918.27', 'id', 8);
INSERT INTO `Service` (`id`, `title`, `description`, `price`, `status`, `category_id`) VALUES (9, 'Et hic vel', 'Voluptatem deleniti corrupti a', '1575.11', 'sed', 9);
INSERT INTO `Service` (`id`, `title`, `description`, `price`, `status`, `category_id`) VALUES (10, 'Molestiae ', 'Sit aperiam temporibus explica', '3863.18', 'eum', 10);
INSERT INTO `Service` (`id`, `title`, `description`, `price`, `status`, `category_id`) VALUES (11, 'Voluptatem', 'Aut ut architecto voluptatem a', '1965.49', 'nobis', 11);
INSERT INTO `Service` (`id`, `title`, `description`, `price`, `status`, `category_id`) VALUES (12, 'Asperiores', 'Distinctio qui facere nesciunt', '2133.7', 'sit', 12);
INSERT INTO `Service` (`id`, `title`, `description`, `price`, `status`, `category_id`) VALUES (13, 'Et beatae ', 'Adipisci pariatur nam ut nemo.', '1708.63', 'quo', 13);
INSERT INTO `Service` (`id`, `title`, `description`, `price`, `status`, `category_id`) VALUES (14, 'Quaerat mo', 'Dolorem et quae accusantium pe', '453.17', 'nemo', 14);
INSERT INTO `Service` (`id`, `title`, `description`, `price`, `status`, `category_id`) VALUES (15, 'Molestias ', 'Dolorem quos autem nihil at vo', '1139.84', 'velit', 15);
INSERT INTO `Service` (`id`, `title`, `description`, `price`, `status`, `category_id`) VALUES (16, 'Enim repel', 'Autem voluptatum ea illo vero.', '2850.02', 'porro', 16);
INSERT INTO `Service` (`id`, `title`, `description`, `price`, `status`, `category_id`) VALUES (17, 'Ea non ut ', 'Quis dolorem molestias dolor a', '3857.44', 'doloribus', 17);
INSERT INTO `Service` (`id`, `title`, `description`, `price`, `status`, `category_id`) VALUES (18, 'Magni dolo', 'Sint ut odio accusantium dolor', '2556.55', 'aspernatur', 18);
INSERT INTO `Service` (`id`, `title`, `description`, `price`, `status`, `category_id`) VALUES (19, 'Est est ex', 'Et quia voluptas dolorem ratio', '2680.24', 'est', 19);
INSERT INTO `Service` (`id`, `title`, `description`, `price`, `status`, `category_id`) VALUES (20, 'Doloribus ', 'Quo saepe omnis qui harum. Qui', '577.69', 'aut', 20);
INSERT INTO `Service` (`id`, `title`, `description`, `price`, `status`, `category_id`) VALUES (21, 'Itaque qua', 'Consequatur odit at odio modi.', '2700.15', 'quas', 21);
INSERT INTO `Service` (`id`, `title`, `description`, `price`, `status`, `category_id`) VALUES (22, 'In non aut', 'Provident a quia quam alias ut', '2409.69', 'ullam', 22);
INSERT INTO `Service` (`id`, `title`, `description`, `price`, `status`, `category_id`) VALUES (23, 'Magni dele', 'Labore facilis nihil officiis ', '3076.5', 'quia', 23);
INSERT INTO `Service` (`id`, `title`, `description`, `price`, `status`, `category_id`) VALUES (24, 'Autem quis', 'Unde et ut nesciunt vel labori', '647.87', 'hic', 24);
INSERT INTO `Service` (`id`, `title`, `description`, `price`, `status`, `category_id`) VALUES (25, 'Ut dolorem', 'Occaecati ipsa est suscipit nu', '2176.5', 'eveniet', 25);
INSERT INTO `Service` (`id`, `title`, `description`, `price`, `status`, `category_id`) VALUES (26, 'Omnis unde', 'Alias ut autem voluptas est vo', '2987.69', 'iure', 26);
INSERT INTO `Service` (`id`, `title`, `description`, `price`, `status`, `category_id`) VALUES (27, 'A dolorem ', 'Soluta sunt dolores consectetu', '1149.26', 'exercitati', 27);
INSERT INTO `Service` (`id`, `title`, `description`, `price`, `status`, `category_id`) VALUES (28, 'Molestiae ', 'Qui tempora neque dolorem cons', '788.02', 'voluptas', 28);
INSERT INTO `Service` (`id`, `title`, `description`, `price`, `status`, `category_id`) VALUES (29, 'Consequatu', 'Minus repudiandae libero eius ', '4278.58', 'occaecati', 29);
INSERT INTO `Service` (`id`, `title`, `description`, `price`, `status`, `category_id`) VALUES (30, 'Similique ', 'Debitis dolor eaque nemo eveni', '1798.07', 'consequatu', 30);
INSERT INTO `Service` (`id`, `title`, `description`, `price`, `status`, `category_id`) VALUES (31, 'Quo volupt', 'Eaque assumenda eum laborum re', '3678.76', 'eum', 31);
INSERT INTO `Service` (`id`, `title`, `description`, `price`, `status`, `category_id`) VALUES (32, 'Sit est iu', 'Ex ut ut eaque. Repellat et ea', '1140.42', 'voluptatem', 32);
INSERT INTO `Service` (`id`, `title`, `description`, `price`, `status`, `category_id`) VALUES (33, 'Et et quib', 'Est enim assumenda et ipsam vo', '4848.31', 'et', 33);
INSERT INTO `Service` (`id`, `title`, `description`, `price`, `status`, `category_id`) VALUES (34, 'Unde incid', 'Dolorum facilis est reiciendis', '2629.01', 'ut', 34);
INSERT INTO `Service` (`id`, `title`, `description`, `price`, `status`, `category_id`) VALUES (35, 'Esse facer', 'Sit et ut quas nostrum. Repreh', '4704.3', 'quisquam', 35);
INSERT INTO `Service` (`id`, `title`, `description`, `price`, `status`, `category_id`) VALUES (36, 'Corrupti q', 'Enim dolorem expedita tempora ', '513.88', 'sequi', 36);
INSERT INTO `Service` (`id`, `title`, `description`, `price`, `status`, `category_id`) VALUES (37, 'Hic quis a', 'Ipsam quas sed laudantium debi', '940.36', 'voluptates', 37);
INSERT INTO `Service` (`id`, `title`, `description`, `price`, `status`, `category_id`) VALUES (38, 'Ducimus re', 'Quo et illum assumenda sit par', '718.76', 'maiores', 38);
INSERT INTO `Service` (`id`, `title`, `description`, `price`, `status`, `category_id`) VALUES (39, 'Ea volupta', 'Placeat qui et officia iste. A', '971.2', 'consequatu', 39);
INSERT INTO `Service` (`id`, `title`, `description`, `price`, `status`, `category_id`) VALUES (40, 'Optio dolo', 'Vel rem deserunt quidem eligen', '3284.47', 'sed', 40);
INSERT INTO `Service` (`id`, `title`, `description`, `price`, `status`, `category_id`) VALUES (41, 'Quia verit', 'Itaque non eveniet optio vitae', '2459.76', 'aut', 41);
INSERT INTO `Service` (`id`, `title`, `description`, `price`, `status`, `category_id`) VALUES (42, 'Aut blandi', 'Quis velit et et maxime earum ', '3159.06', 'ad', 42);
INSERT INTO `Service` (`id`, `title`, `description`, `price`, `status`, `category_id`) VALUES (43, 'Deserunt a', 'Pariatur qui velit facilis min', '113.21', 'dolores', 43);
INSERT INTO `Service` (`id`, `title`, `description`, `price`, `status`, `category_id`) VALUES (44, 'Omnis laud', 'Pariatur dolores numquam repre', '3410.25', 'repellat', 44);
INSERT INTO `Service` (`id`, `title`, `description`, `price`, `status`, `category_id`) VALUES (45, 'Error aspe', 'Suscipit et dolores dolor in n', '130.55', 'dolor', 45);
INSERT INTO `Service` (`id`, `title`, `description`, `price`, `status`, `category_id`) VALUES (46, 'Saepe aute', 'Ipsa blanditiis corporis persp', '2199.8', 'et', 46);
INSERT INTO `Service` (`id`, `title`, `description`, `price`, `status`, `category_id`) VALUES (47, 'Rerum eaqu', 'Deserunt dolore atque dolorum ', '2154.08', 'qui', 47);
INSERT INTO `Service` (`id`, `title`, `description`, `price`, `status`, `category_id`) VALUES (48, 'Quae volup', 'Numquam quo qui delectus neque', '1638.38', 'adipisci', 48);
INSERT INTO `Service` (`id`, `title`, `description`, `price`, `status`, `category_id`) VALUES (49, 'Quam omnis', 'Inventore reiciendis tenetur e', '4374.07', 'aspernatur', 49);
INSERT INTO `Service` (`id`, `title`, `description`, `price`, `status`, `category_id`) VALUES (50, 'Voluptates', 'Nisi delectus illo sapiente do', '1491.78', 'assumenda', 50);
INSERT INTO `Service` (`id`, `title`, `description`, `price`, `status`, `category_id`) VALUES (51, 'Unde et re', 'Soluta perspiciatis quo sunt. ', '698.62', 'et', 51);
INSERT INTO `Service` (`id`, `title`, `description`, `price`, `status`, `category_id`) VALUES (52, 'Cupiditate', 'Quaerat rerum velit ea tempora', '123.88', 'rerum', 52);
INSERT INTO `Service` (`id`, `title`, `description`, `price`, `status`, `category_id`) VALUES (53, 'Eligendi m', 'Nemo voluptatem voluptas repud', '3331.44', 'commodi', 53);
INSERT INTO `Service` (`id`, `title`, `description`, `price`, `status`, `category_id`) VALUES (54, 'Voluptatib', 'Ut assumenda non quia ad nulla', '968.23', 'similique', 54);
INSERT INTO `Service` (`id`, `title`, `description`, `price`, `status`, `category_id`) VALUES (55, 'Ratione qu', 'Praesentium voluptatem ut non ', '1180.8', 'occaecati', 55);
INSERT INTO `Service` (`id`, `title`, `description`, `price`, `status`, `category_id`) VALUES (56, 'Dolores cu', 'Aspernatur vel nihil dolor eli', '4247.38', 'tempore', 56);
INSERT INTO `Service` (`id`, `title`, `description`, `price`, `status`, `category_id`) VALUES (57, 'Eum saepe ', 'Voluptatem consequatur sunt qu', '3762.98', 'deleniti', 57);
INSERT INTO `Service` (`id`, `title`, `description`, `price`, `status`, `category_id`) VALUES (58, 'Esse verit', 'Non reiciendis adipisci accusa', '1522.5', 'reiciendis', 58);
INSERT INTO `Service` (`id`, `title`, `description`, `price`, `status`, `category_id`) VALUES (59, 'Corrupti v', 'Doloribus vitae tempora molest', '3427.82', 'qui', 59);
INSERT INTO `Service` (`id`, `title`, `description`, `price`, `status`, `category_id`) VALUES (60, 'Sint cum m', 'Et cum exercitationem exercita', '4250.44', 'quia', 60);
INSERT INTO `Service` (`id`, `title`, `description`, `price`, `status`, `category_id`) VALUES (61, 'Est vero e', 'Nam et voluptatem quia. Rerum ', '4973.43', 'illo', 61);
INSERT INTO `Service` (`id`, `title`, `description`, `price`, `status`, `category_id`) VALUES (62, 'Aspernatur', 'Voluptate dolorum voluptates e', '1634.58', 'et', 62);
INSERT INTO `Service` (`id`, `title`, `description`, `price`, `status`, `category_id`) VALUES (63, 'Porro recu', 'Quam quasi quis voluptatibus u', '3467.78', 'nostrum', 63);
INSERT INTO `Service` (`id`, `title`, `description`, `price`, `status`, `category_id`) VALUES (64, 'Animi non ', 'Voluptates saepe alias quibusd', '2159.52', 'cum', 64);
INSERT INTO `Service` (`id`, `title`, `description`, `price`, `status`, `category_id`) VALUES (65, 'Aut fugiat', 'Voluptatem nobis saepe error. ', '3889.26', 'dolores', 65);
INSERT INTO `Service` (`id`, `title`, `description`, `price`, `status`, `category_id`) VALUES (66, 'Nisi quam ', 'Veritatis dicta nemo ad repell', '3266.15', 'quod', 66);
INSERT INTO `Service` (`id`, `title`, `description`, `price`, `status`, `category_id`) VALUES (67, 'Officiis a', 'Officiis id laboriosam veniam ', '2866.1', 'laudantium', 67);
INSERT INTO `Service` (`id`, `title`, `description`, `price`, `status`, `category_id`) VALUES (68, 'Modi aliqu', 'Rem et molestiae et aut cumque', '2032.08', 'voluptas', 68);
INSERT INTO `Service` (`id`, `title`, `description`, `price`, `status`, `category_id`) VALUES (69, 'Culpa cum ', 'Esse quam doloremque quasi qui', '4939.85', 'voluptatem', 69);
INSERT INTO `Service` (`id`, `title`, `description`, `price`, `status`, `category_id`) VALUES (70, 'Illum culp', 'Reiciendis voluptas et eos eve', '1810.87', 'autem', 70);
INSERT INTO `Service` (`id`, `title`, `description`, `price`, `status`, `category_id`) VALUES (71, 'Eligendi m', 'Enim eveniet et porro molestia', '2114.58', 'expedita', 71);
INSERT INTO `Service` (`id`, `title`, `description`, `price`, `status`, `category_id`) VALUES (72, 'Minus dign', 'Voluptatem aliquid voluptatem ', '1823.53', 'cum', 72);
INSERT INTO `Service` (`id`, `title`, `description`, `price`, `status`, `category_id`) VALUES (73, 'Omnis simi', 'Ad et sed dolorum sequi volupt', '2074.12', 'dolorem', 73);
INSERT INTO `Service` (`id`, `title`, `description`, `price`, `status`, `category_id`) VALUES (74, 'Perferendi', 'Temporibus aut quod qui unde. ', '970.59', 'ducimus', 74);
INSERT INTO `Service` (`id`, `title`, `description`, `price`, `status`, `category_id`) VALUES (75, 'Maiores qu', 'Iste consectetur sed autem con', '1661.33', 'doloremque', 75);
INSERT INTO `Service` (`id`, `title`, `description`, `price`, `status`, `category_id`) VALUES (76, 'Adipisci s', 'Aut quasi quo quia incidunt. Q', '4713.53', 'distinctio', 76);
INSERT INTO `Service` (`id`, `title`, `description`, `price`, `status`, `category_id`) VALUES (77, 'Quia paria', 'Maiores iusto ipsa non impedit', '2337.04', 'magni', 77);
INSERT INTO `Service` (`id`, `title`, `description`, `price`, `status`, `category_id`) VALUES (78, 'Voluptatem', 'Illum tempore quia nisi quisqu', '3255.52', 'consequatu', 78);
INSERT INTO `Service` (`id`, `title`, `description`, `price`, `status`, `category_id`) VALUES (79, 'Officiis p', 'Ut qui autem ipsa ea voluptate', '4017.75', 'incidunt', 79);
INSERT INTO `Service` (`id`, `title`, `description`, `price`, `status`, `category_id`) VALUES (80, 'Reprehende', 'Dolorem soluta neque rem. Solu', '1616.6', 'incidunt', 80);
INSERT INTO `Service` (`id`, `title`, `description`, `price`, `status`, `category_id`) VALUES (81, 'Ut sint et', 'Impedit numquam ut architecto ', '2341.17', 'placeat', 81);
INSERT INTO `Service` (`id`, `title`, `description`, `price`, `status`, `category_id`) VALUES (82, 'Et quo et ', 'In quas voluptatem nisi iure t', '663.77', 'explicabo', 82);
INSERT INTO `Service` (`id`, `title`, `description`, `price`, `status`, `category_id`) VALUES (83, 'Qui provid', 'Sunt et facere incidunt invent', '1739.55', 'velit', 83);
INSERT INTO `Service` (`id`, `title`, `description`, `price`, `status`, `category_id`) VALUES (84, 'Soluta rec', 'Debitis quasi mollitia corrupt', '3015.33', 'quaerat', 84);
INSERT INTO `Service` (`id`, `title`, `description`, `price`, `status`, `category_id`) VALUES (85, 'Rerum est ', 'Quia sed maxime ducimus perspi', '4206.86', 'suscipit', 85);
INSERT INTO `Service` (`id`, `title`, `description`, `price`, `status`, `category_id`) VALUES (86, 'Est odio u', 'Unde omnis itaque porro quis r', '4668.05', 'ipsum', 86);
INSERT INTO `Service` (`id`, `title`, `description`, `price`, `status`, `category_id`) VALUES (87, 'Illo asper', 'Et qui et veniam in saepe vel.', '4205.59', 'debitis', 87);
INSERT INTO `Service` (`id`, `title`, `description`, `price`, `status`, `category_id`) VALUES (88, 'Perferendi', 'Quis totam asperiores eaque ip', '169.49', 'fugit', 88);
INSERT INTO `Service` (`id`, `title`, `description`, `price`, `status`, `category_id`) VALUES (89, 'Asperiores', 'Praesentium delectus veritatis', '3259.73', 'qui', 89);
INSERT INTO `Service` (`id`, `title`, `description`, `price`, `status`, `category_id`) VALUES (90, 'Enim exped', 'Ipsa ipsam rerum dolores eveni', '1827.19', 'ipsum', 90);
INSERT INTO `Service` (`id`, `title`, `description`, `price`, `status`, `category_id`) VALUES (91, 'Quo volupt', 'Vero est aut commodi. Sint dic', '3603.31', 'quidem', 91);
INSERT INTO `Service` (`id`, `title`, `description`, `price`, `status`, `category_id`) VALUES (92, 'Beatae qui', 'Non aut illo et dicta nostrum ', '1359.98', 'neque', 92);
INSERT INTO `Service` (`id`, `title`, `description`, `price`, `status`, `category_id`) VALUES (93, 'Pariatur r', 'Neque voluptatem corrupti hic ', '2613.68', 'amet', 93);
INSERT INTO `Service` (`id`, `title`, `description`, `price`, `status`, `category_id`) VALUES (94, 'Incidunt d', 'Excepturi aperiam corrupti con', '376.63', 'culpa', 94);
INSERT INTO `Service` (`id`, `title`, `description`, `price`, `status`, `category_id`) VALUES (95, 'Et consequ', 'Ut quia consequatur aut autem.', '2430.66', 'quae', 95);
INSERT INTO `Service` (`id`, `title`, `description`, `price`, `status`, `category_id`) VALUES (96, 'Quos dolor', 'Praesentium id quia laudantium', '1830.12', 'perferendi', 96);
INSERT INTO `Service` (`id`, `title`, `description`, `price`, `status`, `category_id`) VALUES (97, 'Sint maxim', 'Consequuntur est dolorem non a', '1258.67', 'error', 97);
INSERT INTO `Service` (`id`, `title`, `description`, `price`, `status`, `category_id`) VALUES (98, 'Qui repudi', 'Minima id sunt sapiente earum ', '1780.08', 'quod', 98);
INSERT INTO `Service` (`id`, `title`, `description`, `price`, `status`, `category_id`) VALUES (99, 'Quod et du', 'Rerum est praesentium necessit', '1339.26', 'quia', 99);
INSERT INTO `Service` (`id`, `title`, `description`, `price`, `status`, `category_id`) VALUES (100, 'Aut aut et', 'Deleniti modi vel maxime reici', '1388.61', 'animi', 100);


#
# TABLE STRUCTURE FOR: Booking
#

INSERT INTO `Booking` (`id`, `service_datetime`, `booking_datetime`, `remarks`, `customer_id`, `service_id`) VALUES (1, '1981-03-19 04:49:56', '1978-12-02 19:17:27', 'Non magni voluptatem', 101, 1);
INSERT INTO `Booking` (`id`, `service_datetime`, `booking_datetime`, `remarks`, `customer_id`, `service_id`) VALUES (2, '2011-06-25 10:35:22', '1974-10-10 14:13:06', 'Quia ut et eius quos', 102, 2);
INSERT INTO `Booking` (`id`, `service_datetime`, `booking_datetime`, `remarks`, `customer_id`, `service_id`) VALUES (3, '1996-11-26 17:14:26', '1987-03-13 03:57:08', 'Ea sunt ducimus reru', 105, 3);
INSERT INTO `Booking` (`id`, `service_datetime`, `booking_datetime`, `remarks`, `customer_id`, `service_id`) VALUES (4, '1974-08-27 00:46:22', '2016-04-21 17:05:23', 'Reiciendis fugiat in', 106, 4);
INSERT INTO `Booking` (`id`, `service_datetime`, `booking_datetime`, `remarks`, `customer_id`, `service_id`) VALUES (5, '1985-09-18 05:31:40', '1978-10-02 08:27:44', 'Laboriosam et suscip', 107, 5);
INSERT INTO `Booking` (`id`, `service_datetime`, `booking_datetime`, `remarks`, `customer_id`, `service_id`) VALUES (6, '2003-02-13 11:54:29', '2021-09-16 13:29:22', 'Aut temporibus cupid', 108, 6);
INSERT INTO `Booking` (`id`, `service_datetime`, `booking_datetime`, `remarks`, `customer_id`, `service_id`) VALUES (7, '1996-01-09 16:30:53', '1996-10-30 09:16:30', 'Sed nisi sed ea ulla', 109, 7);
INSERT INTO `Booking` (`id`, `service_datetime`, `booking_datetime`, `remarks`, `customer_id`, `service_id`) VALUES (8, '1994-11-06 15:35:40', '1991-12-04 16:51:17', 'Voluptatem quasi nih', 110, 8);
INSERT INTO `Booking` (`id`, `service_datetime`, `booking_datetime`, `remarks`, `customer_id`, `service_id`) VALUES (9, '1996-02-29 09:31:40', '2019-09-20 12:03:29', 'Aut impedit est sint', 111, 9);
INSERT INTO `Booking` (`id`, `service_datetime`, `booking_datetime`, `remarks`, `customer_id`, `service_id`) VALUES (10, '1999-08-24 06:16:28', '1977-11-16 12:50:14', 'Occaecati quo ea con', 112, 10);
INSERT INTO `Booking` (`id`, `service_datetime`, `booking_datetime`, `remarks`, `customer_id`, `service_id`) VALUES (11, '1973-10-18 12:02:47', '2009-11-01 14:48:38', 'Numquam quibusdam re', 114, 11);
INSERT INTO `Booking` (`id`, `service_datetime`, `booking_datetime`, `remarks`, `customer_id`, `service_id`) VALUES (12, '2013-09-21 02:23:33', '2000-05-02 00:10:58', 'Odio est amet repell', 115, 12);
INSERT INTO `Booking` (`id`, `service_datetime`, `booking_datetime`, `remarks`, `customer_id`, `service_id`) VALUES (13, '1972-11-28 05:53:30', '2001-04-18 03:17:42', 'Qui explicabo dolore', 116, 13);
INSERT INTO `Booking` (`id`, `service_datetime`, `booking_datetime`, `remarks`, `customer_id`, `service_id`) VALUES (14, '1972-01-05 14:50:17', '2012-04-19 14:16:52', 'Dolore sunt quibusda', 117, 14);
INSERT INTO `Booking` (`id`, `service_datetime`, `booking_datetime`, `remarks`, `customer_id`, `service_id`) VALUES (15, '1989-11-24 22:41:13', '2015-06-12 15:40:23', 'Saepe et unde pariat', 120, 15);
INSERT INTO `Booking` (`id`, `service_datetime`, `booking_datetime`, `remarks`, `customer_id`, `service_id`) VALUES (16, '2021-10-02 00:17:58', '1984-08-29 02:16:57', 'Consequatur vel quam', 121, 16);
INSERT INTO `Booking` (`id`, `service_datetime`, `booking_datetime`, `remarks`, `customer_id`, `service_id`) VALUES (17, '1979-06-19 08:59:47', '1986-08-13 12:42:32', 'Ab officiis quos est', 122, 17);
INSERT INTO `Booking` (`id`, `service_datetime`, `booking_datetime`, `remarks`, `customer_id`, `service_id`) VALUES (18, '1980-04-23 18:19:58', '2014-07-22 13:22:55', 'At qui nam totam rei', 125, 18);
INSERT INTO `Booking` (`id`, `service_datetime`, `booking_datetime`, `remarks`, `customer_id`, `service_id`) VALUES (19, '2015-04-20 04:13:32', '1981-11-03 06:30:10', 'Est est corporis fug', 127, 19);
INSERT INTO `Booking` (`id`, `service_datetime`, `booking_datetime`, `remarks`, `customer_id`, `service_id`) VALUES (20, '1990-09-06 07:21:36', '2001-07-26 22:38:15', 'Iste eveniet archite', 128, 20);
INSERT INTO `Booking` (`id`, `service_datetime`, `booking_datetime`, `remarks`, `customer_id`, `service_id`) VALUES (21, '1991-06-14 01:38:33', '1979-01-06 20:34:57', 'Voluptatem aut ab es', 129, 21);
INSERT INTO `Booking` (`id`, `service_datetime`, `booking_datetime`, `remarks`, `customer_id`, `service_id`) VALUES (22, '2007-05-14 11:34:45', '2008-03-11 10:54:06', 'Impedit qui perspici', 130, 22);
INSERT INTO `Booking` (`id`, `service_datetime`, `booking_datetime`, `remarks`, `customer_id`, `service_id`) VALUES (23, '2001-09-25 00:06:39', '2018-09-01 04:15:40', 'Omnis ipsum impedit ', 131, 23);
INSERT INTO `Booking` (`id`, `service_datetime`, `booking_datetime`, `remarks`, `customer_id`, `service_id`) VALUES (24, '1970-04-01 09:47:03', '1992-01-01 10:59:53', 'Quidem et consequatu', 132, 24);
INSERT INTO `Booking` (`id`, `service_datetime`, `booking_datetime`, `remarks`, `customer_id`, `service_id`) VALUES (25, '1992-08-01 01:11:57', '2020-12-30 12:14:59', 'Est ullam repellendu', 133, 25);
INSERT INTO `Booking` (`id`, `service_datetime`, `booking_datetime`, `remarks`, `customer_id`, `service_id`) VALUES (26, '2010-04-21 00:16:28', '1976-04-28 15:56:51', 'Temporibus est adipi', 134, 26);
INSERT INTO `Booking` (`id`, `service_datetime`, `booking_datetime`, `remarks`, `customer_id`, `service_id`) VALUES (27, '2005-11-09 04:38:37', '2006-09-24 16:38:43', 'Consequuntur velit i', 135, 27);
INSERT INTO `Booking` (`id`, `service_datetime`, `booking_datetime`, `remarks`, `customer_id`, `service_id`) VALUES (28, '2008-10-06 04:38:53', '1990-03-29 18:47:27', 'Non praesentium nihi', 138, 28);
INSERT INTO `Booking` (`id`, `service_datetime`, `booking_datetime`, `remarks`, `customer_id`, `service_id`) VALUES (29, '2009-04-28 19:39:18', '1980-10-06 15:15:30', 'Aut id expedita omni', 139, 29);
INSERT INTO `Booking` (`id`, `service_datetime`, `booking_datetime`, `remarks`, `customer_id`, `service_id`) VALUES (30, '1970-12-14 17:29:34', '1983-01-03 04:02:47', 'Et quia magni aperia', 140, 30);
INSERT INTO `Booking` (`id`, `service_datetime`, `booking_datetime`, `remarks`, `customer_id`, `service_id`) VALUES (31, '2020-03-13 02:50:43', '1975-06-03 14:44:50', 'Et cumque earum aut ', 142, 31);
INSERT INTO `Booking` (`id`, `service_datetime`, `booking_datetime`, `remarks`, `customer_id`, `service_id`) VALUES (32, '2000-07-08 21:45:43', '2006-11-07 09:26:31', 'Itaque est minus dig', 143, 32);
INSERT INTO `Booking` (`id`, `service_datetime`, `booking_datetime`, `remarks`, `customer_id`, `service_id`) VALUES (33, '2014-12-04 21:53:18', '2005-10-28 06:19:14', 'At autem est quaerat', 144, 33);
INSERT INTO `Booking` (`id`, `service_datetime`, `booking_datetime`, `remarks`, `customer_id`, `service_id`) VALUES (34, '1999-10-17 13:43:56', '2017-07-03 06:08:02', 'Atque consectetur pe', 146, 34);
INSERT INTO `Booking` (`id`, `service_datetime`, `booking_datetime`, `remarks`, `customer_id`, `service_id`) VALUES (35, '1999-05-13 05:01:02', '1970-07-05 11:57:12', 'Commodi illum quia e', 148, 35);
INSERT INTO `Booking` (`id`, `service_datetime`, `booking_datetime`, `remarks`, `customer_id`, `service_id`) VALUES (36, '1985-08-05 23:54:59', '1975-07-16 18:18:47', 'Culpa fugiat consequ', 150, 36);
INSERT INTO `Booking` (`id`, `service_datetime`, `booking_datetime`, `remarks`, `customer_id`, `service_id`) VALUES (37, '1994-12-05 01:11:17', '1980-11-17 23:50:54', 'Ducimus dolorem magn', 156, 37);
INSERT INTO `Booking` (`id`, `service_datetime`, `booking_datetime`, `remarks`, `customer_id`, `service_id`) VALUES (38, '2004-03-07 05:23:54', '1988-02-06 00:30:58', 'Magnam nemo praesent', 157, 38);
INSERT INTO `Booking` (`id`, `service_datetime`, `booking_datetime`, `remarks`, `customer_id`, `service_id`) VALUES (39, '1986-04-04 05:45:36', '1987-05-05 20:10:56', 'Numquam consequatur ', 158, 39);
INSERT INTO `Booking` (`id`, `service_datetime`, `booking_datetime`, `remarks`, `customer_id`, `service_id`) VALUES (40, '2019-11-26 16:50:31', '2017-02-16 17:49:33', 'Nostrum voluptatem e', 160, 40);
INSERT INTO `Booking` (`id`, `service_datetime`, `booking_datetime`, `remarks`, `customer_id`, `service_id`) VALUES (41, '2015-07-15 19:11:26', '2016-09-08 05:21:21', 'Cum sequi aut ut ex ', 163, 41);
INSERT INTO `Booking` (`id`, `service_datetime`, `booking_datetime`, `remarks`, `customer_id`, `service_id`) VALUES (42, '1978-01-05 13:26:48', '2019-09-05 15:20:39', 'Labore fugiat repudi', 164, 42);
INSERT INTO `Booking` (`id`, `service_datetime`, `booking_datetime`, `remarks`, `customer_id`, `service_id`) VALUES (43, '1974-09-22 00:27:21', '2014-03-13 21:44:20', 'Ea alias quaerat vol', 165, 43);
INSERT INTO `Booking` (`id`, `service_datetime`, `booking_datetime`, `remarks`, `customer_id`, `service_id`) VALUES (44, '1972-01-21 22:58:53', '1989-09-06 10:05:40', 'Dolores quidem nam f', 166, 44);
INSERT INTO `Booking` (`id`, `service_datetime`, `booking_datetime`, `remarks`, `customer_id`, `service_id`) VALUES (45, '2018-04-09 02:54:22', '2001-02-10 20:35:29', 'Quis id fugiat cum c', 167, 45);
INSERT INTO `Booking` (`id`, `service_datetime`, `booking_datetime`, `remarks`, `customer_id`, `service_id`) VALUES (46, '2015-10-12 12:37:52', '1987-09-28 09:01:16', 'Totam dolores optio ', 169, 46);
INSERT INTO `Booking` (`id`, `service_datetime`, `booking_datetime`, `remarks`, `customer_id`, `service_id`) VALUES (47, '2002-12-09 01:33:45', '2010-05-27 19:43:59', 'Qui sunt vero repudi', 170, 47);
INSERT INTO `Booking` (`id`, `service_datetime`, `booking_datetime`, `remarks`, `customer_id`, `service_id`) VALUES (48, '2005-04-01 09:33:07', '2005-01-14 03:53:31', 'Ut et veritatis ea a', 171, 48);
INSERT INTO `Booking` (`id`, `service_datetime`, `booking_datetime`, `remarks`, `customer_id`, `service_id`) VALUES (49, '2013-08-07 06:45:53', '2013-04-08 15:47:07', 'Est ex tenetur bland', 172, 49);
INSERT INTO `Booking` (`id`, `service_datetime`, `booking_datetime`, `remarks`, `customer_id`, `service_id`) VALUES (50, '1986-06-14 05:17:36', '1980-02-24 07:18:32', 'Sed vel laboriosam o', 173, 50);
INSERT INTO `Booking` (`id`, `service_datetime`, `booking_datetime`, `remarks`, `customer_id`, `service_id`) VALUES (51, '1996-08-30 00:15:05', '2005-10-29 17:49:02', 'Omnis dignissimos si', 174, 51);
INSERT INTO `Booking` (`id`, `service_datetime`, `booking_datetime`, `remarks`, `customer_id`, `service_id`) VALUES (52, '1978-01-05 13:45:12', '1991-10-25 17:45:58', 'Sunt fuga rerum aut ', 176, 52);
INSERT INTO `Booking` (`id`, `service_datetime`, `booking_datetime`, `remarks`, `customer_id`, `service_id`) VALUES (53, '2008-12-08 10:26:26', '2021-07-07 08:38:52', 'Occaecati ipsum laud', 178, 53);
INSERT INTO `Booking` (`id`, `service_datetime`, `booking_datetime`, `remarks`, `customer_id`, `service_id`) VALUES (54, '1987-03-22 14:45:50', '1999-10-09 09:00:54', 'Itaque sunt harum ip', 180, 54);
INSERT INTO `Booking` (`id`, `service_datetime`, `booking_datetime`, `remarks`, `customer_id`, `service_id`) VALUES (55, '1985-04-18 07:29:42', '1976-05-22 11:58:13', 'Veritatis dolore cor', 194, 55);
INSERT INTO `Booking` (`id`, `service_datetime`, `booking_datetime`, `remarks`, `customer_id`, `service_id`) VALUES (56, '2017-09-19 20:24:46', '2016-06-21 23:50:38', 'Perferendis sit minu', 197, 56);
INSERT INTO `Booking` (`id`, `service_datetime`, `booking_datetime`, `remarks`, `customer_id`, `service_id`) VALUES (57, '2015-08-09 16:27:10', '2004-05-13 12:30:28', 'Quia aut quia recusa', 200, 57);
INSERT INTO `Booking` (`id`, `service_datetime`, `booking_datetime`, `remarks`, `customer_id`, `service_id`) VALUES (58, '2020-10-29 07:15:28', '2002-07-07 09:55:50', 'Magnam fugiat minima', 101, 58);
INSERT INTO `Booking` (`id`, `service_datetime`, `booking_datetime`, `remarks`, `customer_id`, `service_id`) VALUES (59, '2018-09-23 15:48:14', '1985-03-19 21:30:49', 'Voluptatem facilis i', 102, 59);
INSERT INTO `Booking` (`id`, `service_datetime`, `booking_datetime`, `remarks`, `customer_id`, `service_id`) VALUES (60, '1998-06-25 09:17:59', '1995-08-26 05:13:12', 'Quaerat omnis quam e', 105, 60);
INSERT INTO `Booking` (`id`, `service_datetime`, `booking_datetime`, `remarks`, `customer_id`, `service_id`) VALUES (61, '2011-08-21 00:12:04', '1976-09-21 16:07:52', 'Consequatur rerum qu', 106, 61);
INSERT INTO `Booking` (`id`, `service_datetime`, `booking_datetime`, `remarks`, `customer_id`, `service_id`) VALUES (62, '2005-12-28 21:59:47', '2009-07-26 21:33:53', 'Adipisci est similiq', 107, 62);
INSERT INTO `Booking` (`id`, `service_datetime`, `booking_datetime`, `remarks`, `customer_id`, `service_id`) VALUES (63, '1980-12-30 04:16:35', '2005-02-08 20:23:15', 'Dolores ratione magn', 108, 63);
INSERT INTO `Booking` (`id`, `service_datetime`, `booking_datetime`, `remarks`, `customer_id`, `service_id`) VALUES (64, '1972-06-14 06:27:41', '2016-08-06 15:16:24', 'Magni distinctio qui', 109, 64);
INSERT INTO `Booking` (`id`, `service_datetime`, `booking_datetime`, `remarks`, `customer_id`, `service_id`) VALUES (65, '2018-12-25 23:10:35', '1998-09-28 05:53:35', 'Et et nesciunt liber', 110, 65);
INSERT INTO `Booking` (`id`, `service_datetime`, `booking_datetime`, `remarks`, `customer_id`, `service_id`) VALUES (66, '1987-07-18 04:56:35', '1975-10-14 19:48:00', 'Repellat quis omnis ', 111, 66);
INSERT INTO `Booking` (`id`, `service_datetime`, `booking_datetime`, `remarks`, `customer_id`, `service_id`) VALUES (67, '1988-03-27 16:55:49', '1970-08-03 12:16:34', 'Optio culpa qui quam', 112, 67);
INSERT INTO `Booking` (`id`, `service_datetime`, `booking_datetime`, `remarks`, `customer_id`, `service_id`) VALUES (68, '1986-12-01 16:20:26', '1981-04-18 22:16:18', 'Laboriosam commodi q', 114, 68);
INSERT INTO `Booking` (`id`, `service_datetime`, `booking_datetime`, `remarks`, `customer_id`, `service_id`) VALUES (69, '1987-11-03 23:45:31', '2021-04-17 17:19:33', 'In consequatur eos s', 115, 69);
INSERT INTO `Booking` (`id`, `service_datetime`, `booking_datetime`, `remarks`, `customer_id`, `service_id`) VALUES (70, '2014-09-08 16:49:54', '1989-05-13 08:06:56', 'Placeat beatae et la', 116, 70);
INSERT INTO `Booking` (`id`, `service_datetime`, `booking_datetime`, `remarks`, `customer_id`, `service_id`) VALUES (71, '2013-04-01 10:15:09', '1974-10-11 10:59:13', 'Quod id vel odit. Op', 117, 71);
INSERT INTO `Booking` (`id`, `service_datetime`, `booking_datetime`, `remarks`, `customer_id`, `service_id`) VALUES (72, '2013-01-12 00:48:55', '2001-04-27 02:06:40', 'Aut provident odio d', 120, 72);
INSERT INTO `Booking` (`id`, `service_datetime`, `booking_datetime`, `remarks`, `customer_id`, `service_id`) VALUES (73, '1996-04-01 18:52:14', '1990-05-17 12:42:24', 'Sunt quis consequunt', 121, 73);
INSERT INTO `Booking` (`id`, `service_datetime`, `booking_datetime`, `remarks`, `customer_id`, `service_id`) VALUES (74, '1977-07-03 20:48:51', '1990-11-28 19:44:39', 'Saepe deleniti rerum', 122, 74);
INSERT INTO `Booking` (`id`, `service_datetime`, `booking_datetime`, `remarks`, `customer_id`, `service_id`) VALUES (75, '1986-01-01 10:15:14', '1991-09-15 15:28:55', 'Necessitatibus vel o', 125, 75);
INSERT INTO `Booking` (`id`, `service_datetime`, `booking_datetime`, `remarks`, `customer_id`, `service_id`) VALUES (76, '1998-12-14 02:36:06', '1986-01-17 16:19:58', 'Occaecati eos aut qu', 127, 76);
INSERT INTO `Booking` (`id`, `service_datetime`, `booking_datetime`, `remarks`, `customer_id`, `service_id`) VALUES (77, '2002-04-10 18:06:12', '1985-12-02 21:02:29', 'Vel et est accusamus', 128, 77);
INSERT INTO `Booking` (`id`, `service_datetime`, `booking_datetime`, `remarks`, `customer_id`, `service_id`) VALUES (78, '2022-10-08 22:49:50', '1989-05-08 20:55:00', 'Enim dolorum adipisc', 129, 78);
INSERT INTO `Booking` (`id`, `service_datetime`, `booking_datetime`, `remarks`, `customer_id`, `service_id`) VALUES (79, '2008-07-13 06:23:50', '1999-11-24 01:38:24', 'Et mollitia debitis ', 130, 79);
INSERT INTO `Booking` (`id`, `service_datetime`, `booking_datetime`, `remarks`, `customer_id`, `service_id`) VALUES (80, '2010-02-21 21:11:21', '1991-02-27 16:49:18', 'Doloribus laudantium', 131, 80);
INSERT INTO `Booking` (`id`, `service_datetime`, `booking_datetime`, `remarks`, `customer_id`, `service_id`) VALUES (81, '1979-03-08 05:18:50', '1975-02-05 04:01:17', 'Fugiat id corporis r', 132, 81);
INSERT INTO `Booking` (`id`, `service_datetime`, `booking_datetime`, `remarks`, `customer_id`, `service_id`) VALUES (82, '2018-08-17 12:26:40', '1996-09-18 19:54:12', 'Doloribus illo unde ', 133, 82);
INSERT INTO `Booking` (`id`, `service_datetime`, `booking_datetime`, `remarks`, `customer_id`, `service_id`) VALUES (83, '1973-06-26 22:01:51', '2009-02-08 01:09:23', 'Ut molestiae minus q', 134, 83);
INSERT INTO `Booking` (`id`, `service_datetime`, `booking_datetime`, `remarks`, `customer_id`, `service_id`) VALUES (84, '1990-02-02 15:14:44', '2019-04-29 17:59:17', 'Consectetur laborios', 135, 84);
INSERT INTO `Booking` (`id`, `service_datetime`, `booking_datetime`, `remarks`, `customer_id`, `service_id`) VALUES (85, '2011-10-17 23:23:31', '1997-04-07 12:06:18', 'Eum aut atque quae n', 138, 85);
INSERT INTO `Booking` (`id`, `service_datetime`, `booking_datetime`, `remarks`, `customer_id`, `service_id`) VALUES (86, '1997-12-21 14:34:23', '1999-12-22 07:58:09', 'Quas quo ex tenetur ', 139, 86);
INSERT INTO `Booking` (`id`, `service_datetime`, `booking_datetime`, `remarks`, `customer_id`, `service_id`) VALUES (87, '1978-06-24 03:08:39', '1994-09-27 17:21:44', 'Quasi saepe omnis es', 140, 87);
INSERT INTO `Booking` (`id`, `service_datetime`, `booking_datetime`, `remarks`, `customer_id`, `service_id`) VALUES (88, '2022-10-31 20:31:15', '1970-02-01 16:00:43', 'Non debitis labore c', 142, 88);
INSERT INTO `Booking` (`id`, `service_datetime`, `booking_datetime`, `remarks`, `customer_id`, `service_id`) VALUES (89, '1993-10-02 01:44:06', '1988-03-13 07:56:03', 'Id rerum vero et id ', 143, 89);
INSERT INTO `Booking` (`id`, `service_datetime`, `booking_datetime`, `remarks`, `customer_id`, `service_id`) VALUES (90, '2005-04-01 15:56:05', '1999-07-25 16:08:28', 'Culpa unde et et ten', 144, 90);
INSERT INTO `Booking` (`id`, `service_datetime`, `booking_datetime`, `remarks`, `customer_id`, `service_id`) VALUES (91, '1999-03-21 18:43:45', '1986-05-27 05:30:22', 'Aspernatur quos cons', 146, 91);
INSERT INTO `Booking` (`id`, `service_datetime`, `booking_datetime`, `remarks`, `customer_id`, `service_id`) VALUES (92, '2004-02-25 20:01:20', '1999-05-02 23:56:56', 'Consequatur dolor re', 148, 92);
INSERT INTO `Booking` (`id`, `service_datetime`, `booking_datetime`, `remarks`, `customer_id`, `service_id`) VALUES (93, '2012-05-04 15:24:41', '1972-05-25 20:08:06', 'Eius eligendi iste s', 150, 93);
INSERT INTO `Booking` (`id`, `service_datetime`, `booking_datetime`, `remarks`, `customer_id`, `service_id`) VALUES (94, '1985-08-27 14:37:13', '1982-03-24 21:30:48', 'Architecto ipsum cup', 156, 94);
INSERT INTO `Booking` (`id`, `service_datetime`, `booking_datetime`, `remarks`, `customer_id`, `service_id`) VALUES (95, '1971-07-16 15:58:29', '1996-06-27 06:37:42', 'Temporibus aspernatu', 157, 95);
INSERT INTO `Booking` (`id`, `service_datetime`, `booking_datetime`, `remarks`, `customer_id`, `service_id`) VALUES (96, '1994-08-21 21:46:49', '2006-03-01 01:49:39', 'Reprehenderit dolore', 158, 96);
INSERT INTO `Booking` (`id`, `service_datetime`, `booking_datetime`, `remarks`, `customer_id`, `service_id`) VALUES (97, '1975-04-12 19:31:39', '2003-02-23 07:33:20', 'Non velit voluptatib', 160, 97);
INSERT INTO `Booking` (`id`, `service_datetime`, `booking_datetime`, `remarks`, `customer_id`, `service_id`) VALUES (98, '1981-09-07 05:26:11', '1975-02-15 06:50:09', 'Adipisci animi dolor', 163, 98);
INSERT INTO `Booking` (`id`, `service_datetime`, `booking_datetime`, `remarks`, `customer_id`, `service_id`) VALUES (99, '1970-09-14 08:35:39', '2018-03-31 20:12:41', 'Fugit at velit verit', 164, 99);
INSERT INTO `Booking` (`id`, `service_datetime`, `booking_datetime`, `remarks`, `customer_id`, `service_id`) VALUES (100, '2000-09-20 12:26:22', '1976-07-01 16:22:10', 'Ad et labore in exce', 165, 100);


#
# TABLE STRUCTURE FOR: Feedback
#

INSERT INTO `Feedback` (`id`, `rating`, `comment`, `booking_id`, `customer_id`) VALUES (1, '4.2', 'Qui reprehenderit nulla eum cu', 1, 101);
INSERT INTO `Feedback` (`id`, `rating`, `comment`, `booking_id`, `customer_id`) VALUES (2, '2.6', 'Molestiae rerum consequatur sa', 2, 102);
INSERT INTO `Feedback` (`id`, `rating`, `comment`, `booking_id`, `customer_id`) VALUES (3, '1', 'Modi sed cupiditate nihil expl', 3, 105);
INSERT INTO `Feedback` (`id`, `rating`, `comment`, `booking_id`, `customer_id`) VALUES (4, '5', 'Quaerat nihil aut iure volupta', 4, 106);
INSERT INTO `Feedback` (`id`, `rating`, `comment`, `booking_id`, `customer_id`) VALUES (5, '2.1', 'Non similique sequi inventore ', 5, 107);
INSERT INTO `Feedback` (`id`, `rating`, `comment`, `booking_id`, `customer_id`) VALUES (6, '0.9', 'Totam corporis voluptatem natu', 6, 108);
INSERT INTO `Feedback` (`id`, `rating`, `comment`, `booking_id`, `customer_id`) VALUES (7, '1.6', 'Eius optio velit expedita. Qui', 7, 109);
INSERT INTO `Feedback` (`id`, `rating`, `comment`, `booking_id`, `customer_id`) VALUES (8, '0.5', 'Accusantium deserunt earum ut ', 8, 110);
INSERT INTO `Feedback` (`id`, `rating`, `comment`, `booking_id`, `customer_id`) VALUES (9, '3.6', 'Provident quisquam voluptas re', 9, 111);
INSERT INTO `Feedback` (`id`, `rating`, `comment`, `booking_id`, `customer_id`) VALUES (10, '2.4', 'Facere non minus consequatur v', 10, 112);
INSERT INTO `Feedback` (`id`, `rating`, `comment`, `booking_id`, `customer_id`) VALUES (11, '0.3', 'Minus amet natus laudantium de', 11, 114);
INSERT INTO `Feedback` (`id`, `rating`, `comment`, `booking_id`, `customer_id`) VALUES (12, '4.1', 'Distinctio libero doloremque c', 12, 115);
INSERT INTO `Feedback` (`id`, `rating`, `comment`, `booking_id`, `customer_id`) VALUES (13, '4.8', 'In sed error incidunt voluptas', 13, 116);
INSERT INTO `Feedback` (`id`, `rating`, `comment`, `booking_id`, `customer_id`) VALUES (14, '3.9', 'Quae voluptatem ab voluptates ', 14, 117);
INSERT INTO `Feedback` (`id`, `rating`, `comment`, `booking_id`, `customer_id`) VALUES (15, '0.5', 'Voluptas ut harum aspernatur d', 15, 120);
INSERT INTO `Feedback` (`id`, `rating`, `comment`, `booking_id`, `customer_id`) VALUES (16, '3', 'Laborum sit quia voluptatem ni', 16, 121);
INSERT INTO `Feedback` (`id`, `rating`, `comment`, `booking_id`, `customer_id`) VALUES (17, '2', 'Quod ut sequi facilis. Quae cu', 17, 122);
INSERT INTO `Feedback` (`id`, `rating`, `comment`, `booking_id`, `customer_id`) VALUES (18, '2.3', 'Velit ea temporibus distinctio', 18, 125);
INSERT INTO `Feedback` (`id`, `rating`, `comment`, `booking_id`, `customer_id`) VALUES (19, '2.6', 'Nesciunt dolore deleniti est h', 19, 127);
INSERT INTO `Feedback` (`id`, `rating`, `comment`, `booking_id`, `customer_id`) VALUES (20, '2.7', 'Cum nihil nemo minima qui. Vit', 20, 128);
INSERT INTO `Feedback` (`id`, `rating`, `comment`, `booking_id`, `customer_id`) VALUES (21, '1.5', 'Autem quo aut qui veniam facer', 21, 129);
INSERT INTO `Feedback` (`id`, `rating`, `comment`, `booking_id`, `customer_id`) VALUES (22, '2.5', 'Et dolores dolores vitae totam', 22, 130);
INSERT INTO `Feedback` (`id`, `rating`, `comment`, `booking_id`, `customer_id`) VALUES (23, '0.2', 'Recusandae incidunt corporis a', 23, 131);
INSERT INTO `Feedback` (`id`, `rating`, `comment`, `booking_id`, `customer_id`) VALUES (24, '2.6', 'Quis veritatis quia est omnis ', 24, 132);
INSERT INTO `Feedback` (`id`, `rating`, `comment`, `booking_id`, `customer_id`) VALUES (25, '0.9', 'Esse deleniti sint debitis neq', 25, 133);
INSERT INTO `Feedback` (`id`, `rating`, `comment`, `booking_id`, `customer_id`) VALUES (26, '1.1', 'Veritatis repudiandae voluptat', 26, 134);
INSERT INTO `Feedback` (`id`, `rating`, `comment`, `booking_id`, `customer_id`) VALUES (27, '5', 'Aut totam eveniet ut tempore q', 27, 135);
INSERT INTO `Feedback` (`id`, `rating`, `comment`, `booking_id`, `customer_id`) VALUES (28, '4.2', 'Quis aliquam perferendis dolor', 28, 138);
INSERT INTO `Feedback` (`id`, `rating`, `comment`, `booking_id`, `customer_id`) VALUES (29, '3.2', 'Veniam qui quas dolorem quam. ', 29, 139);
INSERT INTO `Feedback` (`id`, `rating`, `comment`, `booking_id`, `customer_id`) VALUES (30, '2.1', 'Quidem inventore impedit rerum', 30, 140);
INSERT INTO `Feedback` (`id`, `rating`, `comment`, `booking_id`, `customer_id`) VALUES (31, '3.3', 'Nesciunt minima in accusantium', 31, 142);
INSERT INTO `Feedback` (`id`, `rating`, `comment`, `booking_id`, `customer_id`) VALUES (32, '0.4', 'Reprehenderit quidem cum quaer', 32, 143);
INSERT INTO `Feedback` (`id`, `rating`, `comment`, `booking_id`, `customer_id`) VALUES (33, '4.9', 'Illum voluptate animi suscipit', 33, 144);
INSERT INTO `Feedback` (`id`, `rating`, `comment`, `booking_id`, `customer_id`) VALUES (34, '2.6', 'Odio tenetur qui occaecati duc', 34, 146);
INSERT INTO `Feedback` (`id`, `rating`, `comment`, `booking_id`, `customer_id`) VALUES (35, '4.9', 'Vel quia voluptatem quia exped', 35, 148);
INSERT INTO `Feedback` (`id`, `rating`, `comment`, `booking_id`, `customer_id`) VALUES (36, '1.2', 'Quo molestiae omnis enim dolor', 36, 150);
INSERT INTO `Feedback` (`id`, `rating`, `comment`, `booking_id`, `customer_id`) VALUES (37, '3.5', 'Mollitia est earum veritatis n', 37, 156);
INSERT INTO `Feedback` (`id`, `rating`, `comment`, `booking_id`, `customer_id`) VALUES (38, '3.3', 'Quis dolorem dolores beatae au', 38, 157);
INSERT INTO `Feedback` (`id`, `rating`, `comment`, `booking_id`, `customer_id`) VALUES (39, '1.4', 'Quam dolores illum maiores per', 39, 158);
INSERT INTO `Feedback` (`id`, `rating`, `comment`, `booking_id`, `customer_id`) VALUES (40, '1.6', 'Exercitationem quia itaque seq', 40, 160);
INSERT INTO `Feedback` (`id`, `rating`, `comment`, `booking_id`, `customer_id`) VALUES (41, '1.6', 'Maiores vero aspernatur sint. ', 41, 163);
INSERT INTO `Feedback` (`id`, `rating`, `comment`, `booking_id`, `customer_id`) VALUES (42, '3.4', 'Voluptatem molestias nihil por', 42, 164);
INSERT INTO `Feedback` (`id`, `rating`, `comment`, `booking_id`, `customer_id`) VALUES (43, '4.6', 'Fugiat et similique eum beatae', 43, 165);
INSERT INTO `Feedback` (`id`, `rating`, `comment`, `booking_id`, `customer_id`) VALUES (44, '3.1', 'Qui reiciendis consequatur ut ', 44, 166);
INSERT INTO `Feedback` (`id`, `rating`, `comment`, `booking_id`, `customer_id`) VALUES (45, '2.9', 'Et quis sed officia magni dolo', 45, 167);
INSERT INTO `Feedback` (`id`, `rating`, `comment`, `booking_id`, `customer_id`) VALUES (46, '0.1', 'Dicta aliquam saepe quas quis ', 46, 169);
INSERT INTO `Feedback` (`id`, `rating`, `comment`, `booking_id`, `customer_id`) VALUES (47, '2.3', 'Voluptatem nisi sed deserunt e', 47, 170);
INSERT INTO `Feedback` (`id`, `rating`, `comment`, `booking_id`, `customer_id`) VALUES (48, '3.2', 'Autem et eius maiores voluptat', 48, 171);
INSERT INTO `Feedback` (`id`, `rating`, `comment`, `booking_id`, `customer_id`) VALUES (49, '4.7', 'Praesentium hic sit at aut ape', 49, 172);
INSERT INTO `Feedback` (`id`, `rating`, `comment`, `booking_id`, `customer_id`) VALUES (50, '0.6', 'Nam impedit totam est in maxim', 50, 173);
INSERT INTO `Feedback` (`id`, `rating`, `comment`, `booking_id`, `customer_id`) VALUES (51, '3.6', 'Itaque et dolorem rem laborum ', 51, 174);
INSERT INTO `Feedback` (`id`, `rating`, `comment`, `booking_id`, `customer_id`) VALUES (52, '3.3', 'Iusto quasi voluptas vero qui ', 52, 176);
INSERT INTO `Feedback` (`id`, `rating`, `comment`, `booking_id`, `customer_id`) VALUES (53, '3.9', 'Omnis nihil reprehenderit dese', 53, 178);
INSERT INTO `Feedback` (`id`, `rating`, `comment`, `booking_id`, `customer_id`) VALUES (54, '1.3', 'Aut iusto adipisci et ea. Sapi', 54, 180);
INSERT INTO `Feedback` (`id`, `rating`, `comment`, `booking_id`, `customer_id`) VALUES (55, '4.4', 'Neque aperiam cum reiciendis q', 55, 194);
INSERT INTO `Feedback` (`id`, `rating`, `comment`, `booking_id`, `customer_id`) VALUES (56, '2.7', 'Quidem nihil natus earum. Hic ', 56, 197);
INSERT INTO `Feedback` (`id`, `rating`, `comment`, `booking_id`, `customer_id`) VALUES (57, '1.7', 'Possimus impedit voluptatem et', 57, 200);
INSERT INTO `Feedback` (`id`, `rating`, `comment`, `booking_id`, `customer_id`) VALUES (58, '1', 'Esse veniam est perferendis cu', 58, 101);
INSERT INTO `Feedback` (`id`, `rating`, `comment`, `booking_id`, `customer_id`) VALUES (59, '2.5', 'Molestiae deleniti qui tenetur', 59, 102);
INSERT INTO `Feedback` (`id`, `rating`, `comment`, `booking_id`, `customer_id`) VALUES (60, '3.3', 'Assumenda suscipit beatae fugi', 60, 105);
INSERT INTO `Feedback` (`id`, `rating`, `comment`, `booking_id`, `customer_id`) VALUES (61, '3.7', 'Libero rerum iusto blanditiis ', 61, 106);
INSERT INTO `Feedback` (`id`, `rating`, `comment`, `booking_id`, `customer_id`) VALUES (62, '4.2', 'Et itaque quo natus omnis enim', 62, 107);
INSERT INTO `Feedback` (`id`, `rating`, `comment`, `booking_id`, `customer_id`) VALUES (63, '1.3', 'Mollitia qui nesciunt tempora ', 63, 108);
INSERT INTO `Feedback` (`id`, `rating`, `comment`, `booking_id`, `customer_id`) VALUES (64, '2.2', 'Itaque dolore officia occaecat', 64, 109);
INSERT INTO `Feedback` (`id`, `rating`, `comment`, `booking_id`, `customer_id`) VALUES (65, '3.3', 'Quis natus veritatis et volupt', 65, 110);
INSERT INTO `Feedback` (`id`, `rating`, `comment`, `booking_id`, `customer_id`) VALUES (66, '2.3', 'Doloribus impedit ut similique', 66, 111);
INSERT INTO `Feedback` (`id`, `rating`, `comment`, `booking_id`, `customer_id`) VALUES (67, '2.6', 'Consequuntur quasi ut autem qu', 67, 112);
INSERT INTO `Feedback` (`id`, `rating`, `comment`, `booking_id`, `customer_id`) VALUES (68, '4.9', 'Omnis ab deleniti esse ad. Sim', 68, 114);
INSERT INTO `Feedback` (`id`, `rating`, `comment`, `booking_id`, `customer_id`) VALUES (69, '2', 'Cum ipsa voluptates atque nam ', 69, 115);
INSERT INTO `Feedback` (`id`, `rating`, `comment`, `booking_id`, `customer_id`) VALUES (70, '4.4', 'Doloribus facilis asperiores e', 70, 116);
INSERT INTO `Feedback` (`id`, `rating`, `comment`, `booking_id`, `customer_id`) VALUES (71, '3.1', 'Cupiditate architecto soluta e', 71, 117);
INSERT INTO `Feedback` (`id`, `rating`, `comment`, `booking_id`, `customer_id`) VALUES (72, '0.8', 'Facere ea rerum at earum quaer', 72, 120);
INSERT INTO `Feedback` (`id`, `rating`, `comment`, `booking_id`, `customer_id`) VALUES (73, '2', 'Ullam quo est deserunt laborio', 73, 121);
INSERT INTO `Feedback` (`id`, `rating`, `comment`, `booking_id`, `customer_id`) VALUES (74, '1.2', 'Debitis et qui dolore quae. Qu', 74, 122);
INSERT INTO `Feedback` (`id`, `rating`, `comment`, `booking_id`, `customer_id`) VALUES (75, '3.5', 'Id eum et fugit explicabo et i', 75, 125);
INSERT INTO `Feedback` (`id`, `rating`, `comment`, `booking_id`, `customer_id`) VALUES (76, '4.6', 'Id quae qui quas officiis cons', 76, 127);
INSERT INTO `Feedback` (`id`, `rating`, `comment`, `booking_id`, `customer_id`) VALUES (77, '2.9', 'Molestiae qui id mollitia nisi', 77, 128);
INSERT INTO `Feedback` (`id`, `rating`, `comment`, `booking_id`, `customer_id`) VALUES (78, '5', 'At tempore nihil dolorum simil', 78, 129);
INSERT INTO `Feedback` (`id`, `rating`, `comment`, `booking_id`, `customer_id`) VALUES (79, '3', 'Fugiat officia reprehenderit i', 79, 130);
INSERT INTO `Feedback` (`id`, `rating`, `comment`, `booking_id`, `customer_id`) VALUES (80, '2.3', 'Laboriosam corrupti soluta ut ', 80, 131);
INSERT INTO `Feedback` (`id`, `rating`, `comment`, `booking_id`, `customer_id`) VALUES (81, '0.5', 'Maxime et a repudiandae fugiat', 81, 132);
INSERT INTO `Feedback` (`id`, `rating`, `comment`, `booking_id`, `customer_id`) VALUES (82, '1.8', 'Temporibus architecto id omnis', 82, 133);
INSERT INTO `Feedback` (`id`, `rating`, `comment`, `booking_id`, `customer_id`) VALUES (83, '2', 'Tempora qui molestiae neque ve', 83, 134);
INSERT INTO `Feedback` (`id`, `rating`, `comment`, `booking_id`, `customer_id`) VALUES (84, '1.8', 'Ut perferendis culpa eligendi ', 84, 135);
INSERT INTO `Feedback` (`id`, `rating`, `comment`, `booking_id`, `customer_id`) VALUES (85, '1', 'Sunt repudiandae nulla enim se', 85, 138);
INSERT INTO `Feedback` (`id`, `rating`, `comment`, `booking_id`, `customer_id`) VALUES (86, '3.6', 'Ullam omnis nisi reiciendis do', 86, 139);
INSERT INTO `Feedback` (`id`, `rating`, `comment`, `booking_id`, `customer_id`) VALUES (87, '2.3', 'Dolore sint veniam maiores exp', 87, 140);
INSERT INTO `Feedback` (`id`, `rating`, `comment`, `booking_id`, `customer_id`) VALUES (88, '0.8', 'Sunt est non quae laudantium t', 88, 142);
INSERT INTO `Feedback` (`id`, `rating`, `comment`, `booking_id`, `customer_id`) VALUES (89, '2.5', 'Nemo accusamus est repellendus', 89, 143);
INSERT INTO `Feedback` (`id`, `rating`, `comment`, `booking_id`, `customer_id`) VALUES (90, '2.7', 'Fugit eum nisi sequi et fugiat', 90, 144);
INSERT INTO `Feedback` (`id`, `rating`, `comment`, `booking_id`, `customer_id`) VALUES (91, '0.5', 'Neque non quidem ullam eum exp', 91, 146);
INSERT INTO `Feedback` (`id`, `rating`, `comment`, `booking_id`, `customer_id`) VALUES (92, '4.8', 'Explicabo et atque ipsum digni', 92, 148);
INSERT INTO `Feedback` (`id`, `rating`, `comment`, `booking_id`, `customer_id`) VALUES (93, '3.8', 'Dolore perspiciatis cupiditate', 93, 150);
INSERT INTO `Feedback` (`id`, `rating`, `comment`, `booking_id`, `customer_id`) VALUES (94, '1.3', 'Corrupti magnam omnis cum odit', 94, 156);
INSERT INTO `Feedback` (`id`, `rating`, `comment`, `booking_id`, `customer_id`) VALUES (95, '2.2', 'Rem dolorum ut pariatur rerum.', 95, 157);
INSERT INTO `Feedback` (`id`, `rating`, `comment`, `booking_id`, `customer_id`) VALUES (96, '4.2', 'Tenetur sit repellendus ration', 96, 158);
INSERT INTO `Feedback` (`id`, `rating`, `comment`, `booking_id`, `customer_id`) VALUES (97, '3', 'Et temporibus voluptas labore ', 97, 160);
INSERT INTO `Feedback` (`id`, `rating`, `comment`, `booking_id`, `customer_id`) VALUES (98, '3.2', 'Impedit quidem quibusdam possi', 98, 163);
INSERT INTO `Feedback` (`id`, `rating`, `comment`, `booking_id`, `customer_id`) VALUES (99, '1.7', 'Non cumque et fugit labore et ', 99, 164);
INSERT INTO `Feedback` (`id`, `rating`, `comment`, `booking_id`, `customer_id`) VALUES (100, '2.7', 'Temporibus quia adipisci praes', 100, 165);



#
# TABLE STRUCTURE FOR: Payment
#

INSERT INTO `Payment` (`id`, `mode`, `amount`, `booking_id`, `offer_id`) VALUES (1, 'CASH', '3363.74', 1, 1);
INSERT INTO `Payment` (`id`, `mode`, `amount`, `booking_id`, `offer_id`) VALUES (2, 'CARD', '3713.97', 2, 2);
INSERT INTO `Payment` (`id`, `mode`, `amount`, `booking_id`, `offer_id`) VALUES (3, 'CASH', '226.19', 3, 3);
INSERT INTO `Payment` (`id`, `mode`, `amount`, `booking_id`, `offer_id`) VALUES (4, 'CARD', '610.75', 4, 4);
INSERT INTO `Payment` (`id`, `mode`, `amount`, `booking_id`, `offer_id`) VALUES (5, 'CARD', '3253.65', 5, 5);
INSERT INTO `Payment` (`id`, `mode`, `amount`, `booking_id`, `offer_id`) VALUES (6, 'CASH', '4295.65', 6, 6);
INSERT INTO `Payment` (`id`, `mode`, `amount`, `booking_id`, `offer_id`) VALUES (7, 'CARD', '3304.5', 7, 7);
INSERT INTO `Payment` (`id`, `mode`, `amount`, `booking_id`, `offer_id`) VALUES (8, 'CARD', '3294.71', 8, 8);
INSERT INTO `Payment` (`id`, `mode`, `amount`, `booking_id`, `offer_id`) VALUES (9, 'UPI', '1488.43', 9, 9);
INSERT INTO `Payment` (`id`, `mode`, `amount`, `booking_id`, `offer_id`) VALUES (10, 'NETBANKING', '2253.89', 10, 10);
INSERT INTO `Payment` (`id`, `mode`, `amount`, `booking_id`, `offer_id`) VALUES (11, 'CASH', '2518.1', 11, 11);
INSERT INTO `Payment` (`id`, `mode`, `amount`, `booking_id`, `offer_id`) VALUES (12, 'CASH', '3160.35', 12, 12);
INSERT INTO `Payment` (`id`, `mode`, `amount`, `booking_id`, `offer_id`) VALUES (13, 'CARD', '4257.69', 13, 13);
INSERT INTO `Payment` (`id`, `mode`, `amount`, `booking_id`, `offer_id`) VALUES (14, 'CASH', '3313.13', 14, 14);
INSERT INTO `Payment` (`id`, `mode`, `amount`, `booking_id`, `offer_id`) VALUES (15, 'CASH', '1262.6', 15, 15);
INSERT INTO `Payment` (`id`, `mode`, `amount`, `booking_id`, `offer_id`) VALUES (16, 'CASH', '296.44', 16, 16);
INSERT INTO `Payment` (`id`, `mode`, `amount`, `booking_id`, `offer_id`) VALUES (17, 'NETBANKING', '1293.72', 17, 17);
INSERT INTO `Payment` (`id`, `mode`, `amount`, `booking_id`, `offer_id`) VALUES (18, 'UPI', '4298.84', 18, 18);
INSERT INTO `Payment` (`id`, `mode`, `amount`, `booking_id`, `offer_id`) VALUES (19, 'UPI', '4103.73', 19, 19);
INSERT INTO `Payment` (`id`, `mode`, `amount`, `booking_id`, `offer_id`) VALUES (20, 'NETBANKING', '4669.97', 20, 20);
INSERT INTO `Payment` (`id`, `mode`, `amount`, `booking_id`, `offer_id`) VALUES (21, 'CARD', '1417.4', 21, 21);
INSERT INTO `Payment` (`id`, `mode`, `amount`, `booking_id`, `offer_id`) VALUES (22, 'CASH', '2457.19', 22, 22);
INSERT INTO `Payment` (`id`, `mode`, `amount`, `booking_id`, `offer_id`) VALUES (23, 'CARD', '520.93', 23, 23);
INSERT INTO `Payment` (`id`, `mode`, `amount`, `booking_id`, `offer_id`) VALUES (24, 'UPI', '2614.87', 24, 24);
INSERT INTO `Payment` (`id`, `mode`, `amount`, `booking_id`, `offer_id`) VALUES (25, 'CARD', '1296.27', 25, 25);
INSERT INTO `Payment` (`id`, `mode`, `amount`, `booking_id`, `offer_id`) VALUES (26, 'CARD', '2724.51', 26, 26);
INSERT INTO `Payment` (`id`, `mode`, `amount`, `booking_id`, `offer_id`) VALUES (27, 'CARD', '4621.16', 27, 27);
INSERT INTO `Payment` (`id`, `mode`, `amount`, `booking_id`, `offer_id`) VALUES (28, 'CASH', '3924.5', 28, 28);
INSERT INTO `Payment` (`id`, `mode`, `amount`, `booking_id`, `offer_id`) VALUES (29, 'UPI', '4759.51', 29, 29);
INSERT INTO `Payment` (`id`, `mode`, `amount`, `booking_id`, `offer_id`) VALUES (30, 'UPI', '4312.34', 30, 30);
INSERT INTO `Payment` (`id`, `mode`, `amount`, `booking_id`, `offer_id`) VALUES (31, 'UPI', '1008.73', 31, 31);
INSERT INTO `Payment` (`id`, `mode`, `amount`, `booking_id`, `offer_id`) VALUES (32, 'UPI', '867.48', 32, 32);
INSERT INTO `Payment` (`id`, `mode`, `amount`, `booking_id`, `offer_id`) VALUES (33, 'CASH', '4682.25', 33, 33);
INSERT INTO `Payment` (`id`, `mode`, `amount`, `booking_id`, `offer_id`) VALUES (34, 'CASH', '2644.63', 34, 34);
INSERT INTO `Payment` (`id`, `mode`, `amount`, `booking_id`, `offer_id`) VALUES (35, 'CARD', '3079.05', 35, 35);
INSERT INTO `Payment` (`id`, `mode`, `amount`, `booking_id`, `offer_id`) VALUES (36, 'NETBANKING', '3751.24', 36, 36);
INSERT INTO `Payment` (`id`, `mode`, `amount`, `booking_id`, `offer_id`) VALUES (37, 'CARD', '3121.45', 37, 37);
INSERT INTO `Payment` (`id`, `mode`, `amount`, `booking_id`, `offer_id`) VALUES (38, 'CASH', '1208.87', 38, 38);
INSERT INTO `Payment` (`id`, `mode`, `amount`, `booking_id`, `offer_id`) VALUES (39, 'NETBANKING', '3636.69', 39, 39);
INSERT INTO `Payment` (`id`, `mode`, `amount`, `booking_id`, `offer_id`) VALUES (40, 'NETBANKING', '611.99', 40, 40);
INSERT INTO `Payment` (`id`, `mode`, `amount`, `booking_id`, `offer_id`) VALUES (41, 'CASH', '4762.24', 41, 41);
INSERT INTO `Payment` (`id`, `mode`, `amount`, `booking_id`, `offer_id`) VALUES (42, 'NETBANKING', '4025.4', 42, 42);
INSERT INTO `Payment` (`id`, `mode`, `amount`, `booking_id`, `offer_id`) VALUES (43, 'CASH', '2639.35', 43, 43);
INSERT INTO `Payment` (`id`, `mode`, `amount`, `booking_id`, `offer_id`) VALUES (44, 'UPI', '4242.43', 44, 44);
INSERT INTO `Payment` (`id`, `mode`, `amount`, `booking_id`, `offer_id`) VALUES (45, 'UPI', '4468.79', 45, 45);
INSERT INTO `Payment` (`id`, `mode`, `amount`, `booking_id`, `offer_id`) VALUES (46, 'CARD', '4451.69', 46, 46);
INSERT INTO `Payment` (`id`, `mode`, `amount`, `booking_id`, `offer_id`) VALUES (47, 'UPI', '1560.13', 47, 47);
INSERT INTO `Payment` (`id`, `mode`, `amount`, `booking_id`, `offer_id`) VALUES (48, 'NETBANKING', '348.73', 48, 48);
INSERT INTO `Payment` (`id`, `mode`, `amount`, `booking_id`, `offer_id`) VALUES (49, 'UPI', '2353.15', 49, 49);
INSERT INTO `Payment` (`id`, `mode`, `amount`, `booking_id`, `offer_id`) VALUES (50, 'UPI', '3215.69', 50, 50);
INSERT INTO `Payment` (`id`, `mode`, `amount`, `booking_id`, `offer_id`) VALUES (51, 'CASH', '897.79', 51, 51);
INSERT INTO `Payment` (`id`, `mode`, `amount`, `booking_id`, `offer_id`) VALUES (52, 'NETBANKING', '2847.03', 52, 52);
INSERT INTO `Payment` (`id`, `mode`, `amount`, `booking_id`, `offer_id`) VALUES (53, 'CASH', '3003.67', 53, 53);
INSERT INTO `Payment` (`id`, `mode`, `amount`, `booking_id`, `offer_id`) VALUES (54, 'CASH', '308.33', 54, 54);
INSERT INTO `Payment` (`id`, `mode`, `amount`, `booking_id`, `offer_id`) VALUES (55, 'CARD', '799.61', 55, 55);
INSERT INTO `Payment` (`id`, `mode`, `amount`, `booking_id`, `offer_id`) VALUES (56, 'CASH', '2394.5', 56, 56);
INSERT INTO `Payment` (`id`, `mode`, `amount`, `booking_id`, `offer_id`) VALUES (57, 'CASH', '741.67', 57, 57);
INSERT INTO `Payment` (`id`, `mode`, `amount`, `booking_id`, `offer_id`) VALUES (58, 'NETBANKING', '2722.68', 58, 58);
INSERT INTO `Payment` (`id`, `mode`, `amount`, `booking_id`, `offer_id`) VALUES (59, 'NETBANKING', '4538.81', 59, 59);
INSERT INTO `Payment` (`id`, `mode`, `amount`, `booking_id`, `offer_id`) VALUES (60, 'NETBANKING', '2249.72', 60, 60);
INSERT INTO `Payment` (`id`, `mode`, `amount`, `booking_id`, `offer_id`) VALUES (61, 'CARD', '2598.26', 61, 61);
INSERT INTO `Payment` (`id`, `mode`, `amount`, `booking_id`, `offer_id`) VALUES (62, 'UPI', '1591.92', 62, 62);
INSERT INTO `Payment` (`id`, `mode`, `amount`, `booking_id`, `offer_id`) VALUES (63, 'UPI', '4366.85', 63, 63);
INSERT INTO `Payment` (`id`, `mode`, `amount`, `booking_id`, `offer_id`) VALUES (64, 'CARD', '2887.54', 64, 64);
INSERT INTO `Payment` (`id`, `mode`, `amount`, `booking_id`, `offer_id`) VALUES (65, 'UPI', '2219.71', 65, 65);
INSERT INTO `Payment` (`id`, `mode`, `amount`, `booking_id`, `offer_id`) VALUES (66, 'UPI', '1296.32', 66, 66);
INSERT INTO `Payment` (`id`, `mode`, `amount`, `booking_id`, `offer_id`) VALUES (67, 'CARD', '266.5', 67, 67);
INSERT INTO `Payment` (`id`, `mode`, `amount`, `booking_id`, `offer_id`) VALUES (68, 'UPI', '4196.71', 68, 68);
INSERT INTO `Payment` (`id`, `mode`, `amount`, `booking_id`, `offer_id`) VALUES (69, 'CARD', '680.7', 69, 69);
INSERT INTO `Payment` (`id`, `mode`, `amount`, `booking_id`, `offer_id`) VALUES (70, 'UPI', '3891.87', 70, 70);
INSERT INTO `Payment` (`id`, `mode`, `amount`, `booking_id`, `offer_id`) VALUES (71, 'NETBANKING', '1605.8', 71, 71);
INSERT INTO `Payment` (`id`, `mode`, `amount`, `booking_id`, `offer_id`) VALUES (72, 'UPI', '2619.79', 72, 72);
INSERT INTO `Payment` (`id`, `mode`, `amount`, `booking_id`, `offer_id`) VALUES (73, 'CASH', '1516.71', 73, 73);
INSERT INTO `Payment` (`id`, `mode`, `amount`, `booking_id`, `offer_id`) VALUES (74, 'CASH', '2386.53', 74, 74);
INSERT INTO `Payment` (`id`, `mode`, `amount`, `booking_id`, `offer_id`) VALUES (75, 'NETBANKING', '889.91', 75, 75);
INSERT INTO `Payment` (`id`, `mode`, `amount`, `booking_id`, `offer_id`) VALUES (76, 'NETBANKING', '3654.51', 76, 76);
INSERT INTO `Payment` (`id`, `mode`, `amount`, `booking_id`, `offer_id`) VALUES (77, 'CARD', '2807.04', 77, 77);
INSERT INTO `Payment` (`id`, `mode`, `amount`, `booking_id`, `offer_id`) VALUES (78, 'UPI', '1847.13', 78, 78);
INSERT INTO `Payment` (`id`, `mode`, `amount`, `booking_id`, `offer_id`) VALUES (79, 'CARD', '4747.23', 79, 79);
INSERT INTO `Payment` (`id`, `mode`, `amount`, `booking_id`, `offer_id`) VALUES (80, 'CARD', '1654.67', 80, 80);
INSERT INTO `Payment` (`id`, `mode`, `amount`, `booking_id`, `offer_id`) VALUES (81, 'CARD', '4391.85', 81, 81);
INSERT INTO `Payment` (`id`, `mode`, `amount`, `booking_id`, `offer_id`) VALUES (82, 'CARD', '1739.27', 82, 82);
INSERT INTO `Payment` (`id`, `mode`, `amount`, `booking_id`, `offer_id`) VALUES (83, 'CARD', '2907.64', 83, 83);
INSERT INTO `Payment` (`id`, `mode`, `amount`, `booking_id`, `offer_id`) VALUES (84, 'CASH', '3091.21', 84, 84);
INSERT INTO `Payment` (`id`, `mode`, `amount`, `booking_id`, `offer_id`) VALUES (85, 'UPI', '813.88', 85, 85);
INSERT INTO `Payment` (`id`, `mode`, `amount`, `booking_id`, `offer_id`) VALUES (86, 'CASH', '3352.03', 86, 86);
INSERT INTO `Payment` (`id`, `mode`, `amount`, `booking_id`, `offer_id`) VALUES (87, 'CARD', '2020.64', 87, 87);
INSERT INTO `Payment` (`id`, `mode`, `amount`, `booking_id`, `offer_id`) VALUES (88, 'UPI', '2214.91', 88, 88);
INSERT INTO `Payment` (`id`, `mode`, `amount`, `booking_id`, `offer_id`) VALUES (89, 'UPI', '1087.95', 89, 89);
INSERT INTO `Payment` (`id`, `mode`, `amount`, `booking_id`, `offer_id`) VALUES (90, 'NETBANKING', '3985.9', 90, 90);
INSERT INTO `Payment` (`id`, `mode`, `amount`, `booking_id`, `offer_id`) VALUES (91, 'NETBANKING', '1844', 91, 91);
INSERT INTO `Payment` (`id`, `mode`, `amount`, `booking_id`, `offer_id`) VALUES (92, 'UPI', '3651.53', 92, 92);
INSERT INTO `Payment` (`id`, `mode`, `amount`, `booking_id`, `offer_id`) VALUES (93, 'UPI', '3647.54', 93, 93);
INSERT INTO `Payment` (`id`, `mode`, `amount`, `booking_id`, `offer_id`) VALUES (94, 'CASH', '3199.94', 94, 94);
INSERT INTO `Payment` (`id`, `mode`, `amount`, `booking_id`, `offer_id`) VALUES (95, 'NETBANKING', '3626.52', 95, 95);
INSERT INTO `Payment` (`id`, `mode`, `amount`, `booking_id`, `offer_id`) VALUES (96, 'NETBANKING', '3218.06', 96, 96);
INSERT INTO `Payment` (`id`, `mode`, `amount`, `booking_id`, `offer_id`) VALUES (97, 'CASH', '2766.3', 97, 97);
INSERT INTO `Payment` (`id`, `mode`, `amount`, `booking_id`, `offer_id`) VALUES (98, 'CASH', '648.16', 98, 98);
INSERT INTO `Payment` (`id`, `mode`, `amount`, `booking_id`, `offer_id`) VALUES (99, 'CASH', '1161.34', 99, 99);
INSERT INTO `Payment` (`id`, `mode`, `amount`, `booking_id`, `offer_id`) VALUES (100, 'UPI', '592.75', 100, 100);
